transaction_id,account_number,expected_value,actual_value,currency,transaction_type,timestamp,status,Is_Anomaly
1,3703354270,5731.31,1387.21,USD,Debit,2024-01-01 00:00:00,Success,1
2,2103438449,3646.95,3575.77,INR,Credit,2024-01-01 01:00:00,Success,0
3,9848098848,3809.1,3544.06,USD,Credit,2024-01-01 02:00:00,Success,0
4,1827601942,4834.2,2529.15,USD,Credit,2024-01-01 03:00:00,Success,1
5,4084223478,3708.84,1897.27,EUR,Debit,2024-01-01 04:00:00,Success,0
6,3497325676,1828.55,756.49,EUR,Credit,2024-01-01 05:00:00,Failed,0
7,1745913996,383.15,3589.1,USD,Credit,2024-01-01 06:00:00,Success,1
8,3772813170,1617.52,4340.59,USD,Credit,2024-01-01 07:00:00,Success,1
9,7478337503,1342.91,5062.21,EUR,Debit,2024-01-01 08:00:00,Success,1
10,2142924966,3988.96,1223.06,GBP,Credit,2024-01-01 09:00:00,Success,1
11,4578530934,4197.52,5184.84,USD,Credit,2024-01-01 10:00:00,Success,0
12,7128018005,3263.36,2909.42,USD,Debit,2024-01-01 11:00:00,Success,0
13,8081263495,1096.96,3042.52,USD,Credit,2024-01-01 12:00:00,Success,0
14,4123594291,5679.9,4429.75,EUR,Debit,2024-01-01 13:00:00,Success,0
15,5898441552,2375.68,2134.47,INR,Credit,2024-01-01 14:00:00,Success,0
16,7197427403,3905.22,-462.08,USD,Debit,2024-01-01 15:00:00,Success,1
17,8941582490,3073.99,4127.78,USD,Credit,2024-01-01 16:00:00,Success,0
18,7186360188,3313.0,3557.71,USD,Credit,2024-01-01 17:00:00,Success,0
19,3356991551,3852.28,2423.56,INR,Debit,2024-01-01 18:00:00,Success,0
20,3504256625,1955.97,3996.05,INR,Credit,2024-01-01 19:00:00,Success,1
21,3836120783,4958.1,4323.11,USD,Credit,2024-01-01 20:00:00,Success,0
22,7071936549,630.74,580.79,USD,Debit,2024-01-01 21:00:00,Failed,0
23,2285262172,1442.17,3036.02,GBP,Credit,2024-01-01 22:00:00,Success,0
24,4213089379,4938.64,-644.1,INR,Debit,2024-01-01 23:00:00,Success,1
25,6189513118,3885.01,2802.09,GBP,Credit,2024-01-02 00:00:00,Success,0
26,1539514958,6810.59,2403.61,USD,Debit,2024-01-02 01:00:00,Failed,1
27,2335764902,3102.53,3787.05,USD,Credit,2024-01-02 02:00:00,Success,0
28,9099973807,5550.64,1283.11,USD,Credit,2024-01-02 03:00:00,Success,1
29,4157879910,213.78,2325.62,USD,Debit,2024-01-02 04:00:00,Success,1
30,8719502798,879.73,-2145.69,EUR,Credit,2024-01-02 05:00:00,Success,1
31,9106500331,4343.29,3892.01,EUR,Debit,2024-01-02 06:00:00,Success,0
32,7815031287,389.45,2858.56,EUR,Debit,2024-01-02 07:00:00,Success,1
33,5736941304,2703.95,3139.59,GBP,Debit,2024-01-02 08:00:00,Failed,0
34,8430852548,4750.81,610.51,INR,Credit,2024-01-02 09:00:00,Failed,1
35,6958176399,3751.76,3636.9,USD,Credit,2024-01-02 10:00:00,Success,0
36,6071817459,3016.64,5644.4,INR,Credit,2024-01-02 11:00:00,Success,1
37,8450745246,2326.34,2704.14,EUR,Debit,2024-01-02 12:00:00,Success,0
38,2626393366,3303.34,4040.14,USD,Debit,2024-01-02 13:00:00,Success,0
39,5099214649,3865.87,1607.01,USD,Debit,2024-01-02 14:00:00,Success,1
40,8360079637,2008.66,2877.03,GBP,Credit,2024-01-02 15:00:00,Failed,0
41,9587649185,3557.6,549.86,INR,Debit,2024-01-02 16:00:00,Success,1
42,7888785835,4617.65,4260.99,GBP,Credit,2024-01-02 17:00:00,Success,0
43,5507969777,2666.28,3255.74,EUR,Credit,2024-01-02 18:00:00,Failed,0
44,9996586361,3102.18,1049.14,INR,Credit,2024-01-02 19:00:00,Success,1
45,1141118453,3725.67,1717.02,EUR,Credit,2024-01-02 20:00:00,Success,1
46,7438885398,3827.0,3097.74,GBP,Credit,2024-01-02 21:00:00,Success,0
47,7874553143,4317.68,4478.18,GBP,Credit,2024-01-02 22:00:00,Success,0
48,9858283125,1478.44,5367.24,USD,Credit,2024-01-02 23:00:00,Success,1
49,4097635516,2206.62,2785.4,INR,Credit,2024-01-03 00:00:00,Success,0
50,8237885139,2262.18,816.56,INR,Debit,2024-01-03 01:00:00,Success,0
51,9512183408,1644.13,3381.54,USD,Credit,2024-01-03 02:00:00,Failed,0
52,5072481594,302.38,5855.81,INR,Credit,2024-01-03 03:00:00,Failed,1
53,7385547106,-1881.72,403.6,EUR,Debit,2024-01-03 04:00:00,Success,1
54,8954147372,4793.18,1472.65,EUR,Debit,2024-01-03 05:00:00,Success,1
55,7223765770,669.16,3977.54,GBP,Debit,2024-01-03 06:00:00,Success,1
56,8715701573,5349.76,3245.76,EUR,Debit,2024-01-03 07:00:00,Success,1
57,8086490286,4109.11,2127.97,INR,Credit,2024-01-03 08:00:00,Success,0
58,8532377059,2391.47,3352.18,USD,Debit,2024-01-03 09:00:00,Failed,0
59,3671509136,3924.63,4564.07,GBP,Debit,2024-01-03 10:00:00,Failed,0
60,8514536139,3637.7,2842.66,USD,Debit,2024-01-03 11:00:00,Success,0
61,4124859431,1347.34,2702.39,GBP,Debit,2024-01-03 12:00:00,Success,0
62,6840251060,2977.53,3942.44,GBP,Credit,2024-01-03 13:00:00,Success,0
63,5777661199,1530.24,2567.18,USD,Debit,2024-01-03 14:00:00,Success,0
64,7409816755,3981.19,4828.04,EUR,Debit,2024-01-03 15:00:00,Success,0
65,2189511024,1927.17,6242.78,EUR,Debit,2024-01-03 16:00:00,Success,1
66,8327150918,2855.06,1571.29,EUR,Debit,2024-01-03 17:00:00,Success,0
67,6318069046,2790.3,999.96,EUR,Credit,2024-01-03 18:00:00,Success,0
68,2669345328,3182.37,3594.75,USD,Debit,2024-01-03 19:00:00,Failed,0
69,4828164211,5493.83,943.19,INR,Debit,2024-01-03 20:00:00,Success,1
70,1623736710,2638.56,915.88,GBP,Debit,2024-01-03 21:00:00,Success,0
71,5135873116,4826.89,-278.73,USD,Credit,2024-01-03 22:00:00,Success,1
72,7904957254,3720.0,2388.4,EUR,Debit,2024-01-03 23:00:00,Success,0
73,5223615942,5127.6,2947.22,EUR,Debit,2024-01-04 00:00:00,Success,1
74,8907495703,2492.35,2172.22,USD,Credit,2024-01-04 01:00:00,Success,0
75,9744406344,4044.2,5224.53,GBP,Debit,2024-01-04 02:00:00,Failed,0
76,2199778444,2911.1,5105.42,USD,Credit,2024-01-04 03:00:00,Success,1
77,9259946724,-1484.09,6086.15,USD,Credit,2024-01-04 04:00:00,Success,1
78,9980246346,1365.23,3074.45,INR,Debit,2024-01-04 05:00:00,Success,0
79,4209354782,3873.57,4894.11,USD,Debit,2024-01-04 06:00:00,Success,0
80,6194409318,3774.4,3494.16,INR,Credit,2024-01-04 07:00:00,Success,0
81,9417207292,1057.53,3333.41,GBP,Credit,2024-01-04 08:00:00,Failed,1
82,4898759972,3330.55,2252.18,USD,Debit,2024-01-04 09:00:00,Success,0
83,4134340500,3754.89,-621.03,USD,Credit,2024-01-04 10:00:00,Success,1
84,9933610438,2948.0,4019.67,EUR,Credit,2024-01-04 11:00:00,Success,0
85,6838856071,4093.23,4846.62,USD,Debit,2024-01-04 12:00:00,Success,0
86,4686668516,3888.83,559.01,EUR,Credit,2024-01-04 13:00:00,Success,1
87,6293993256,2947.28,2984.48,EUR,Credit,2024-01-04 14:00:00,Success,0
88,5791061194,2233.76,4586.64,EUR,Credit,2024-01-04 15:00:00,Success,1
89,1946773529,4563.81,2424.8,GBP,Credit,2024-01-04 16:00:00,Success,1
90,7441090410,3694.74,4908.97,INR,Credit,2024-01-04 17:00:00,Failed,0
91,1263469930,927.85,2775.55,EUR,Credit,2024-01-04 18:00:00,Success,0
92,9463467845,3331.35,2159.75,USD,Debit,2024-01-04 19:00:00,Failed,0
93,3400685880,1273.46,5000.46,USD,Credit,2024-01-04 20:00:00,Success,1
94,2444800060,1553.15,1505.99,EUR,Debit,2024-01-04 21:00:00,Failed,0
95,3990853856,2022.13,1840.15,EUR,Debit,2024-01-04 22:00:00,Success,0
96,8488715785,3067.31,1567.13,USD,Debit,2024-01-04 23:00:00,Success,0
97,2362745792,3561.73,1171.85,EUR,Debit,2024-01-05 00:00:00,Failed,1
98,3077535076,2386.59,3244.85,INR,Debit,2024-01-05 01:00:00,Success,0
99,5406190056,2452.23,2179.3,INR,Debit,2024-01-05 02:00:00,Failed,0
100,6519942430,2245.13,3781.78,GBP,Debit,2024-01-05 03:00:00,Failed,0
101,9596811629,4571.27,224.58,EUR,Debit,2024-01-05 04:00:00,Success,1
102,2216416675,-1279.42,1203.92,GBP,Credit,2024-01-05 05:00:00,Success,1
103,4785628569,2536.98,3082.53,GBP,Debit,2024-01-05 06:00:00,Success,0
104,3549701264,5317.48,5351.49,GBP,Debit,2024-01-05 07:00:00,Success,0
105,7905718268,3775.85,3605.6,EUR,Debit,2024-01-05 08:00:00,Success,0
106,2732436481,4900.27,2056.98,GBP,Credit,2024-01-05 09:00:00,Success,1
107,1815755011,-51.37,616.75,INR,Debit,2024-01-05 10:00:00,Success,1
108,3817504373,1136.63,1963.45,GBP,Credit,2024-01-05 11:00:00,Failed,0
109,2465225206,3771.07,2932.03,INR,Debit,2024-01-05 12:00:00,Success,0
110,4210543769,5325.95,-772.31,INR,Debit,2024-01-05 13:00:00,Success,1
111,6022630967,1288.15,1058.61,EUR,Credit,2024-01-05 14:00:00,Failed,0
112,5186604589,2418.36,1819.91,GBP,Debit,2024-01-05 15:00:00,Success,0
113,3843748626,3602.2,2588.15,EUR,Credit,2024-01-05 16:00:00,Success,0
114,4919584321,821.25,2913.06,INR,Credit,2024-01-05 17:00:00,Success,1
115,7174643861,3782.54,2022.61,USD,Debit,2024-01-05 18:00:00,Success,0
116,6753935984,-1013.53,3809.4,GBP,Debit,2024-01-05 19:00:00,Success,1
117,2232598916,3738.36,3199.53,EUR,Credit,2024-01-05 20:00:00,Success,0
118,6368226380,1507.37,2407.9,USD,Credit,2024-01-05 21:00:00,Failed,0
119,6971403746,2328.6,4030.04,GBP,Debit,2024-01-05 22:00:00,Success,0
120,5420053003,3977.83,3899.1,GBP,Debit,2024-01-05 23:00:00,Success,0
121,4873672106,3670.88,673.92,EUR,Debit,2024-01-06 00:00:00,Success,1
122,2917078311,2988.03,2948.76,USD,Credit,2024-01-06 01:00:00,Success,0
123,3365197652,4453.56,4424.42,EUR,Debit,2024-01-06 02:00:00,Failed,0
124,5056440662,449.74,4691.98,GBP,Credit,2024-01-06 03:00:00,Success,1
125,3038911713,3306.62,3593.45,GBP,Debit,2024-01-06 04:00:00,Success,0
126,6404755273,1814.74,2626.74,INR,Credit,2024-01-06 05:00:00,Success,0
127,9158722403,4377.05,3674.11,GBP,Credit,2024-01-06 06:00:00,Failed,0
128,9962517146,4030.6,4292.44,GBP,Debit,2024-01-06 07:00:00,Success,0
129,7895331576,4085.02,3185.33,USD,Credit,2024-01-06 08:00:00,Success,0
130,1245220132,5468.07,3365.77,USD,Credit,2024-01-06 09:00:00,Success,1
131,8184732480,4689.52,2600.31,INR,Credit,2024-01-06 10:00:00,Success,1
132,7573121969,2763.87,861.14,INR,Credit,2024-01-06 11:00:00,Success,0
133,8141610344,2998.1,2721.02,INR,Credit,2024-01-06 12:00:00,Success,0
134,2815493710,3901.41,1916.62,EUR,Debit,2024-01-06 13:00:00,Success,0
135,6157728199,3204.26,1921.73,EUR,Debit,2024-01-06 14:00:00,Success,0
136,3799752133,4057.76,5294.14,INR,Credit,2024-01-06 15:00:00,Success,0
137,8642821346,-345.48,4522.49,EUR,Debit,2024-01-06 16:00:00,Success,1
138,8589940416,5821.21,290.4,GBP,Credit,2024-01-06 17:00:00,Success,1
139,8487392753,3091.54,1264.19,INR,Credit,2024-01-06 18:00:00,Success,0
140,4993425036,566.3,2418.3,INR,Debit,2024-01-06 19:00:00,Success,0
141,9366009768,1629.31,1974.99,EUR,Credit,2024-01-06 20:00:00,Success,0
142,5592627895,-193.99,3507.87,USD,Credit,2024-01-06 21:00:00,Success,1
143,2748381449,1364.65,1010.26,INR,Credit,2024-01-06 22:00:00,Success,0
144,6268783374,2786.63,4533.65,EUR,Debit,2024-01-06 23:00:00,Success,0
145,9978613303,5272.07,2929.59,EUR,Debit,2024-01-07 00:00:00,Failed,1
146,6109101989,3616.01,2455.18,USD,Credit,2024-01-07 01:00:00,Success,0
147,7145846257,3349.29,2977.09,INR,Credit,2024-01-07 02:00:00,Success,0
148,7176256593,1297.34,2331.99,USD,Credit,2024-01-07 03:00:00,Success,0
149,7533391402,1763.27,-249.03,GBP,Credit,2024-01-07 04:00:00,Failed,1
150,5938255174,1879.61,3019.08,USD,Credit,2024-01-07 05:00:00,Success,0
151,5576627293,1940.81,2486.81,USD,Debit,2024-01-07 06:00:00,Success,0
152,8427782788,2472.69,1472.87,EUR,Debit,2024-01-07 07:00:00,Success,0
153,6836863863,2585.98,4755.89,USD,Debit,2024-01-07 08:00:00,Success,1
154,4471870418,2491.38,4071.1,GBP,Debit,2024-01-07 09:00:00,Success,0
155,6961665748,1993.01,6902.17,EUR,Credit,2024-01-07 10:00:00,Success,1
156,6989551507,3202.58,4335.73,GBP,Credit,2024-01-07 11:00:00,Success,0
157,8699555968,2528.38,1970.5,USD,Debit,2024-01-07 12:00:00,Success,0
158,6493882237,606.65,1550.74,GBP,Debit,2024-01-07 13:00:00,Failed,0
159,3776117015,3051.57,2209.11,GBP,Credit,2024-01-07 14:00:00,Success,0
160,9045808931,2824.85,1933.39,USD,Debit,2024-01-07 15:00:00,Success,0
161,1178859722,630.56,3174.05,USD,Credit,2024-01-07 16:00:00,Failed,1
162,3609071311,2113.05,537.92,EUR,Credit,2024-01-07 17:00:00,Failed,0
163,5481512129,3895.61,4035.66,EUR,Credit,2024-01-07 18:00:00,Failed,0
164,9056338752,1295.33,3145.91,INR,Debit,2024-01-07 19:00:00,Failed,0
165,4231300170,1136.73,3851.94,EUR,Debit,2024-01-07 20:00:00,Failed,1
166,9665719970,2512.67,1169.37,USD,Debit,2024-01-07 21:00:00,Success,0
167,3274497360,3934.4,3394.7,GBP,Debit,2024-01-07 22:00:00,Success,0
168,7016742965,5715.49,5078.68,GBP,Debit,2024-01-07 23:00:00,Success,0
169,7078501579,3988.4,1623.19,EUR,Credit,2024-01-08 00:00:00,Success,1
170,6514214815,4627.24,1579.43,EUR,Debit,2024-01-08 01:00:00,Success,1
171,6937725545,3520.05,4139.13,USD,Credit,2024-01-08 02:00:00,Failed,0
172,6602884432,1972.33,1449.52,GBP,Credit,2024-01-08 03:00:00,Success,0
173,5401738103,3977.57,2626.75,INR,Credit,2024-01-08 04:00:00,Failed,0
174,9606745542,2871.59,5361.17,INR,Debit,2024-01-08 05:00:00,Success,1
175,2745501717,3565.55,1602.13,EUR,Debit,2024-01-08 06:00:00,Success,0
176,8951106157,1580.96,5471.11,INR,Debit,2024-01-08 07:00:00,Success,1
177,4429463680,3699.67,2462.75,USD,Debit,2024-01-08 08:00:00,Success,0
178,2147466067,2819.24,1206.08,INR,Debit,2024-01-08 09:00:00,Success,0
179,2050293202,3346.89,3965.93,EUR,Debit,2024-01-08 10:00:00,Success,0
180,2884063743,2872.39,3172.4,USD,Debit,2024-01-08 11:00:00,Success,0
181,6232443537,2584.2,3021.09,GBP,Debit,2024-01-08 12:00:00,Success,0
182,9643955878,3727.04,1770.05,USD,Credit,2024-01-08 13:00:00,Success,0
183,1661267077,2390.86,3160.72,EUR,Debit,2024-01-08 14:00:00,Success,0
184,6341386990,616.97,-308.21,EUR,Credit,2024-01-08 15:00:00,Success,0
185,3539619087,189.04,3350.02,INR,Credit,2024-01-08 16:00:00,Success,1
186,4808952690,3276.62,5075.6,INR,Credit,2024-01-08 17:00:00,Success,0
187,4817603558,2329.17,175.31,GBP,Credit,2024-01-08 18:00:00,Success,1
188,1150998140,406.35,2349.16,GBP,Debit,2024-01-08 19:00:00,Success,0
189,3469908671,3159.8,1600.58,EUR,Debit,2024-01-08 20:00:00,Success,0
190,8673317589,2859.19,582.31,EUR,Credit,2024-01-08 21:00:00,Success,1
191,5369218887,2250.58,-284.6,EUR,Credit,2024-01-08 22:00:00,Failed,1
192,3360877436,3370.21,1110.66,GBP,Credit,2024-01-08 23:00:00,Failed,1
193,4684068929,4972.64,2612.2,EUR,Debit,2024-01-09 00:00:00,Success,1
194,7331220206,4926.89,4838.62,GBP,Credit,2024-01-09 01:00:00,Success,0
195,5342269290,3215.65,563.66,EUR,Credit,2024-01-09 02:00:00,Success,1
196,2789438153,2872.93,3471.03,USD,Debit,2024-01-09 03:00:00,Success,0
197,1763987916,3236.6,3351.43,USD,Credit,2024-01-09 04:00:00,Success,0
198,9111188732,3463.51,5675.14,EUR,Debit,2024-01-09 05:00:00,Failed,1
199,5908485807,2597.55,3913.65,USD,Debit,2024-01-09 06:00:00,Success,0
200,4282435641,3261.81,4005.76,GBP,Credit,2024-01-09 07:00:00,Success,0
201,4665606630,639.56,4118.88,INR,Credit,2024-01-09 08:00:00,Success,1
202,4166992777,3122.02,1521.23,USD,Credit,2024-01-09 09:00:00,Success,0
203,4789044777,3715.22,2083.48,INR,Debit,2024-01-09 10:00:00,Success,0
204,2863534984,2265.24,4786.99,USD,Debit,2024-01-09 11:00:00,Success,1
205,4113555780,2856.79,-281.28,GBP,Debit,2024-01-09 12:00:00,Failed,1
206,1490415609,1332.74,1908.3,USD,Credit,2024-01-09 13:00:00,Success,0
207,7521129279,1124.53,870.71,USD,Credit,2024-01-09 14:00:00,Failed,0
208,3522639574,3316.22,3374.79,EUR,Credit,2024-01-09 15:00:00,Failed,0
209,1754109402,1905.66,2325.43,INR,Credit,2024-01-09 16:00:00,Success,0
210,1762605445,334.76,4001.55,INR,Credit,2024-01-09 17:00:00,Success,1
211,3569195744,1332.33,2825.61,GBP,Credit,2024-01-09 18:00:00,Success,0
212,5571995940,1550.43,526.25,GBP,Debit,2024-01-09 19:00:00,Success,0
213,3336590909,4161.87,600.21,INR,Debit,2024-01-09 20:00:00,Success,1
214,3404304313,3268.67,2990.32,EUR,Debit,2024-01-09 21:00:00,Failed,0
215,7528845987,1692.6,1766.18,EUR,Credit,2024-01-09 22:00:00,Success,0
216,6528659491,2118.35,2147.79,INR,Debit,2024-01-09 23:00:00,Success,0
217,5509134031,4968.13,4501.46,USD,Debit,2024-01-10 00:00:00,Success,0
218,7886568651,4404.15,4214.45,INR,Debit,2024-01-10 01:00:00,Success,0
219,5359488612,1322.91,5876.37,USD,Credit,2024-01-10 02:00:00,Success,1
220,2343093374,4745.29,2493.86,INR,Credit,2024-01-10 03:00:00,Success,1
221,7821025289,2879.06,1974.17,USD,Debit,2024-01-10 04:00:00,Success,0
222,5888888998,4199.42,3669.1,EUR,Credit,2024-01-10 05:00:00,Success,0
223,7125148928,2755.04,2102.73,INR,Credit,2024-01-10 06:00:00,Failed,0
224,3572183310,4778.74,2155.1,GBP,Credit,2024-01-10 07:00:00,Success,1
225,2718114195,1260.57,2676.64,USD,Credit,2024-01-10 08:00:00,Failed,0
226,8637908822,2616.82,5644.4,EUR,Debit,2024-01-10 09:00:00,Success,1
227,5042486305,4824.69,4126.35,GBP,Credit,2024-01-10 10:00:00,Success,0
228,7057161446,-588.91,4294.11,EUR,Debit,2024-01-10 11:00:00,Success,1
229,2430037769,2930.91,5572.57,USD,Debit,2024-01-10 12:00:00,Success,1
230,5831651667,2409.68,4444.05,INR,Credit,2024-01-10 13:00:00,Success,1
231,1457634124,4026.99,1189.75,EUR,Credit,2024-01-10 14:00:00,Success,1
232,3956473476,4604.87,4419.81,INR,Credit,2024-01-10 15:00:00,Success,0
233,2093763611,4095.43,4622.81,INR,Debit,2024-01-10 16:00:00,Success,0
234,1423849825,3361.5,4042.98,EUR,Debit,2024-01-10 17:00:00,Success,0
235,3490245005,3060.85,2687.29,EUR,Debit,2024-01-10 18:00:00,Success,0
236,6863609311,2485.93,3874.13,EUR,Debit,2024-01-10 19:00:00,Success,0
237,8835171335,3314.96,2967.62,INR,Debit,2024-01-10 20:00:00,Failed,0
238,3425975500,5189.48,1435.06,GBP,Debit,2024-01-10 21:00:00,Success,1
239,1428481221,1754.23,1832.59,USD,Debit,2024-01-10 22:00:00,Success,0
240,5529094110,2396.88,4125.96,GBP,Credit,2024-01-10 23:00:00,Failed,0
241,3862706634,2886.74,1550.69,INR,Debit,2024-01-11 00:00:00,Success,0
242,3184780929,4501.4,1701.51,EUR,Debit,2024-01-11 01:00:00,Failed,1
243,1234995584,3334.95,4205.42,EUR,Debit,2024-01-11 02:00:00,Success,0
244,9313979769,4475.22,3214.06,USD,Debit,2024-01-11 03:00:00,Failed,0
245,3566729090,4551.16,3923.51,USD,Credit,2024-01-11 04:00:00,Success,0
246,4476464597,3888.06,1033.57,GBP,Debit,2024-01-11 05:00:00,Failed,1
247,9298431265,1404.01,3879.09,GBP,Debit,2024-01-11 06:00:00,Success,1
248,8506316565,5491.64,1943.95,USD,Credit,2024-01-11 07:00:00,Success,1
249,6300430577,5118.57,1372.99,INR,Credit,2024-01-11 08:00:00,Success,1
250,5552343901,3095.31,2191.45,GBP,Debit,2024-01-11 09:00:00,Success,0
251,7518040095,927.34,5179.3,EUR,Debit,2024-01-11 10:00:00,Success,1
252,5829408143,659.25,2416.87,EUR,Debit,2024-01-11 11:00:00,Success,0
253,2245217351,3381.47,6522.23,INR,Debit,2024-01-11 12:00:00,Failed,1
254,2664835086,1947.37,-299.48,USD,Debit,2024-01-11 13:00:00,Success,1
255,2388108715,424.22,525.96,GBP,Debit,2024-01-11 14:00:00,Failed,0
256,6855425860,630.95,5118.7,EUR,Credit,2024-01-11 15:00:00,Success,1
257,6971241106,2295.03,5520.97,USD,Credit,2024-01-11 16:00:00,Failed,1
258,2240555818,3292.39,1618.47,GBP,Debit,2024-01-11 17:00:00,Failed,0
259,3539836241,5108.57,3110.23,INR,Debit,2024-01-11 18:00:00,Success,0
260,4088939185,3726.33,4139.5,EUR,Debit,2024-01-11 19:00:00,Failed,0
261,8495755105,2427.89,2633.0,INR,Credit,2024-01-11 20:00:00,Success,0
262,7504523677,3569.92,3239.79,INR,Debit,2024-01-11 21:00:00,Success,0
263,2421599597,3435.85,3017.49,INR,Credit,2024-01-11 22:00:00,Success,0
264,6625830134,4109.32,629.68,GBP,Credit,2024-01-11 23:00:00,Success,1
265,2723366725,2940.09,2448.54,INR,Debit,2024-01-12 00:00:00,Success,0
266,8967500995,4554.3,3019.78,GBP,Credit,2024-01-12 01:00:00,Success,0
267,7150043246,4236.68,3164.99,GBP,Debit,2024-01-12 02:00:00,Success,0
268,3962770194,3124.05,231.19,INR,Credit,2024-01-12 03:00:00,Success,1
269,3587464882,2821.16,4205.91,INR,Debit,2024-01-12 04:00:00,Success,0
270,1460621637,4379.62,3207.19,USD,Debit,2024-01-12 05:00:00,Failed,0
271,9555895960,1929.79,1311.38,EUR,Credit,2024-01-12 06:00:00,Failed,0
272,6266281015,740.08,5878.5,USD,Credit,2024-01-12 07:00:00,Success,1
273,9043744600,731.55,2445.46,EUR,Credit,2024-01-12 08:00:00,Success,0
274,6299658153,1805.44,2549.36,EUR,Debit,2024-01-12 09:00:00,Success,0
275,1861708259,3989.48,4026.73,USD,Credit,2024-01-12 10:00:00,Success,0
276,2352708824,2365.8,6014.4,USD,Credit,2024-01-12 11:00:00,Success,1
277,6610940097,3306.77,4089.66,EUR,Debit,2024-01-12 12:00:00,Success,0
278,4147516702,2257.06,4321.78,EUR,Debit,2024-01-12 13:00:00,Success,1
279,2444432287,2268.96,1397.41,EUR,Credit,2024-01-12 14:00:00,Success,0
280,6706312161,1461.8,3139.14,GBP,Credit,2024-01-12 15:00:00,Success,0
281,3054212719,2862.16,2148.38,EUR,Credit,2024-01-12 16:00:00,Success,0
282,6070796005,2737.25,4126.61,INR,Debit,2024-01-12 17:00:00,Failed,0
283,1042002112,3619.0,4275.15,INR,Debit,2024-01-12 18:00:00,Success,0
284,1322650441,3431.55,5613.17,INR,Credit,2024-01-12 19:00:00,Success,1
285,5315945902,2704.28,-453.35,USD,Debit,2024-01-12 20:00:00,Failed,1
286,5751430027,740.87,1991.07,USD,Credit,2024-01-12 21:00:00,Success,0
287,4616291728,4605.87,5080.4,USD,Credit,2024-01-12 22:00:00,Success,0
288,8126885706,2872.43,757.55,EUR,Debit,2024-01-12 23:00:00,Success,1
289,3193366696,3119.46,4289.04,INR,Credit,2024-01-13 00:00:00,Success,0
290,8880833043,5400.74,4814.4,EUR,Credit,2024-01-13 01:00:00,Success,0
291,7371164080,4362.33,2954.66,GBP,Debit,2024-01-13 02:00:00,Success,0
292,5774439966,3669.67,725.66,GBP,Credit,2024-01-13 03:00:00,Success,1
293,5790619239,2996.54,2805.57,USD,Credit,2024-01-13 04:00:00,Success,0
294,8737553081,2982.53,5333.89,GBP,Debit,2024-01-13 05:00:00,Success,1
295,7363376920,3360.17,5462.43,INR,Credit,2024-01-13 06:00:00,Failed,1
296,2177178339,3610.36,3332.61,GBP,Credit,2024-01-13 07:00:00,Success,0
297,4440973453,5567.1,1436.42,USD,Debit,2024-01-13 08:00:00,Success,1
298,9174765917,6709.9,5781.44,EUR,Debit,2024-01-13 09:00:00,Success,0
299,1299319243,3435.39,4313.48,GBP,Debit,2024-01-13 10:00:00,Success,0
300,1250042335,-229.91,1541.58,INR,Credit,2024-01-13 11:00:00,Success,1
301,4652919731,1572.38,3548.03,INR,Debit,2024-01-13 12:00:00,Success,0
302,3818267516,5717.25,3474.8,INR,Credit,2024-01-13 13:00:00,Success,1
303,2641696771,4077.98,1981.13,EUR,Debit,2024-01-13 14:00:00,Success,1
304,4100893999,3639.07,3556.97,INR,Credit,2024-01-13 15:00:00,Success,0
305,8104209001,2749.74,4769.9,USD,Credit,2024-01-13 16:00:00,Success,1
306,3197264934,1216.47,2526.0,USD,Debit,2024-01-13 17:00:00,Success,0
307,9819538007,5516.68,4933.23,INR,Credit,2024-01-13 18:00:00,Success,0
308,1211954764,1765.18,191.43,GBP,Credit,2024-01-13 19:00:00,Failed,0
309,7740240923,4093.97,6549.23,INR,Debit,2024-01-13 20:00:00,Success,1
310,2643809345,1048.95,3091.76,USD,Credit,2024-01-13 21:00:00,Success,1
311,8547069821,2676.98,4716.83,USD,Credit,2024-01-13 22:00:00,Success,1
312,6607717580,4489.44,3349.78,USD,Credit,2024-01-13 23:00:00,Failed,0
313,7841808584,2625.46,1682.36,GBP,Debit,2024-01-14 00:00:00,Success,0
314,3309333133,2447.33,2941.8,GBP,Debit,2024-01-14 01:00:00,Success,0
315,1020239727,3015.95,-55.15,GBP,Debit,2024-01-14 02:00:00,Failed,1
316,4789170839,996.0,4101.42,USD,Debit,2024-01-14 03:00:00,Failed,1
317,5926391741,713.78,3310.02,EUR,Debit,2024-01-14 04:00:00,Success,1
318,4053267901,4071.35,2693.51,INR,Debit,2024-01-14 05:00:00,Success,0
319,6338409680,2366.69,4204.32,INR,Debit,2024-01-14 06:00:00,Success,0
320,2257621680,4059.73,3060.04,USD,Debit,2024-01-14 07:00:00,Success,0
321,5161685277,4677.27,3970.93,GBP,Credit,2024-01-14 08:00:00,Failed,0
322,8264085782,4797.96,4539.71,EUR,Credit,2024-01-14 09:00:00,Success,0
323,9172589661,568.49,2121.23,EUR,Credit,2024-01-14 10:00:00,Failed,0
324,4652566828,1953.26,1663.34,GBP,Credit,2024-01-14 11:00:00,Success,0
325,7074488270,3806.38,243.9,INR,Debit,2024-01-14 12:00:00,Success,1
326,7773438527,3829.5,3196.1,INR,Credit,2024-01-14 13:00:00,Success,0
327,8055033261,6374.16,3723.36,EUR,Credit,2024-01-14 14:00:00,Success,1
328,6551309739,1638.58,882.22,EUR,Credit,2024-01-14 15:00:00,Success,0
329,2518593587,4752.25,5272.61,GBP,Credit,2024-01-14 16:00:00,Success,0
330,5863917143,3558.41,1684.26,INR,Credit,2024-01-14 17:00:00,Success,0
331,3887432018,539.65,-365.6,EUR,Debit,2024-01-14 18:00:00,Success,0
332,7479782549,2178.28,5391.72,INR,Debit,2024-01-14 19:00:00,Success,1
333,6693847624,3393.79,-156.82,EUR,Credit,2024-01-14 20:00:00,Success,1
334,7324665144,443.45,4542.69,GBP,Credit,2024-01-14 21:00:00,Success,1
335,9762941500,-110.86,4153.79,INR,Credit,2024-01-14 22:00:00,Success,1
336,4456730631,358.14,3511.29,EUR,Credit,2024-01-14 23:00:00,Success,1
337,8275144322,3388.7,2163.56,EUR,Debit,2024-01-15 00:00:00,Success,0
338,5980584757,2273.0,3804.48,EUR,Credit,2024-01-15 01:00:00,Success,0
339,9144467235,2070.07,4677.58,EUR,Debit,2024-01-15 02:00:00,Success,1
340,7032243182,2121.57,1422.7,GBP,Credit,2024-01-15 03:00:00,Success,0
341,2956897105,863.82,4562.2,INR,Debit,2024-01-15 04:00:00,Success,1
342,4525481958,2315.4,4489.4,INR,Debit,2024-01-15 05:00:00,Success,1
343,2583566980,269.4,3468.88,USD,Debit,2024-01-15 06:00:00,Success,1
344,2662939511,4781.46,2139.24,INR,Credit,2024-01-15 07:00:00,Success,1
345,2486524686,5538.49,4496.73,USD,Credit,2024-01-15 08:00:00,Failed,1
346,1434977654,-489.1,3813.3,EUR,Debit,2024-01-15 09:00:00,Success,1
347,9656499016,2296.31,1374.46,GBP,Credit,2024-01-15 10:00:00,Success,0
348,6011214376,2393.98,2412.23,GBP,Credit,2024-01-15 11:00:00,Success,0
349,8340645398,2738.27,4310.49,EUR,Debit,2024-01-15 12:00:00,Success,0
350,9680377082,4502.3,3183.33,USD,Credit,2024-01-15 13:00:00,Failed,0
351,1156446095,2300.68,4737.57,EUR,Debit,2024-01-15 14:00:00,Success,1
352,4876388876,2867.62,2453.37,GBP,Credit,2024-01-15 15:00:00,Success,0
353,8473319523,7468.58,1400.17,GBP,Credit,2024-01-15 16:00:00,Success,1
354,2330294161,2833.06,6509.76,INR,Debit,2024-01-15 17:00:00,Success,1
355,4008430732,5649.36,310.57,USD,Debit,2024-01-15 18:00:00,Success,1
356,1327716558,3752.98,2200.26,INR,Debit,2024-01-15 19:00:00,Success,0
357,7944467139,2169.44,3447.6,GBP,Debit,2024-01-15 20:00:00,Success,0
358,1012505751,1918.9,4577.73,GBP,Credit,2024-01-15 21:00:00,Success,1
359,6409080675,2989.09,4034.32,INR,Credit,2024-01-15 22:00:00,Success,0
360,2950836076,1310.29,6698.01,INR,Credit,2024-01-15 23:00:00,Success,1
361,9576223837,1704.2,2811.84,GBP,Debit,2024-01-16 00:00:00,Success,0
362,4706402366,2365.41,1603.23,INR,Credit,2024-01-16 01:00:00,Failed,0
363,3172277770,3440.02,2648.49,INR,Credit,2024-01-16 02:00:00,Success,0
364,9301189425,5739.0,2488.04,USD,Credit,2024-01-16 03:00:00,Success,1
365,5631379454,2272.57,2890.73,GBP,Debit,2024-01-16 04:00:00,Success,0
366,3955877730,3692.28,1428.02,EUR,Debit,2024-01-16 05:00:00,Success,1
367,4415735309,558.15,4254.49,USD,Credit,2024-01-16 06:00:00,Success,1
368,1581944528,4590.43,3593.33,EUR,Credit,2024-01-16 07:00:00,Success,0
369,2922298298,417.48,977.79,INR,Debit,2024-01-16 08:00:00,Success,0
370,2299997288,4197.58,4548.84,INR,Debit,2024-01-16 09:00:00,Success,0
371,7285905501,2878.61,1701.63,EUR,Debit,2024-01-16 10:00:00,Failed,0
372,9108202127,2819.02,1107.5,INR,Debit,2024-01-16 11:00:00,Success,0
373,2954743681,2549.6,3139.73,INR,Credit,2024-01-16 12:00:00,Failed,0
374,7682591213,1048.12,187.45,USD,Debit,2024-01-16 13:00:00,Success,0
375,2735064921,1127.59,3943.2,EUR,Credit,2024-01-16 14:00:00,Failed,1
376,7271155544,4254.78,-1542.14,USD,Debit,2024-01-16 15:00:00,Success,1
377,6513644974,3017.91,1353.02,EUR,Credit,2024-01-16 16:00:00,Success,0
378,8017104604,2538.66,5520.22,USD,Credit,2024-01-16 17:00:00,Success,1
379,6335609217,3665.1,1901.35,GBP,Debit,2024-01-16 18:00:00,Success,0
380,1057593159,3151.97,2181.46,GBP,Credit,2024-01-16 19:00:00,Success,0
381,8755028572,1810.6,5037.86,EUR,Credit,2024-01-16 20:00:00,Success,1
382,1250290499,6691.49,1731.42,GBP,Credit,2024-01-16 21:00:00,Success,1
383,3452826457,4111.13,4221.5,USD,Debit,2024-01-16 22:00:00,Success,0
384,1038648934,3190.6,4878.7,EUR,Debit,2024-01-16 23:00:00,Success,0
385,9753040137,2229.58,3765.65,GBP,Debit,2024-01-17 00:00:00,Success,0
386,5271749530,4429.14,688.16,GBP,Credit,2024-01-17 01:00:00,Success,1
387,1185415006,1818.65,2033.62,EUR,Credit,2024-01-17 02:00:00,Failed,0
388,8895665628,1692.34,7341.79,GBP,Credit,2024-01-17 03:00:00,Success,1
389,8104863662,5539.99,2215.16,GBP,Credit,2024-01-17 04:00:00,Failed,1
390,6477929702,3046.01,7778.13,EUR,Debit,2024-01-17 05:00:00,Success,1
391,5156411461,1854.98,5734.34,GBP,Credit,2024-01-17 06:00:00,Success,1
392,5287382477,3008.53,3830.51,GBP,Credit,2024-01-17 07:00:00,Success,0
393,6116210229,4275.28,3475.57,GBP,Credit,2024-01-17 08:00:00,Success,0
394,8147257960,3931.88,2256.28,GBP,Debit,2024-01-17 09:00:00,Success,0
395,7562913801,4461.39,2857.74,INR,Credit,2024-01-17 10:00:00,Success,0
396,6205692964,1125.67,1898.04,EUR,Debit,2024-01-17 11:00:00,Success,0
397,8251628330,4423.72,2898.2,INR,Debit,2024-01-17 12:00:00,Success,0
398,1046378726,2731.41,820.49,INR,Credit,2024-01-17 13:00:00,Success,0
399,8305787772,3133.65,734.77,USD,Credit,2024-01-17 14:00:00,Success,1
400,3112556199,4814.24,5081.63,INR,Credit,2024-01-17 15:00:00,Success,0
401,5649015513,4054.09,420.3,INR,Credit,2024-01-17 16:00:00,Success,1
402,8583419040,3526.58,4417.82,USD,Debit,2024-01-17 17:00:00,Success,0
403,3056008248,24.0,-31.01,GBP,Debit,2024-01-17 18:00:00,Success,1
404,6035201521,2931.75,4007.42,GBP,Debit,2024-01-17 19:00:00,Success,0
405,7674921031,1822.99,2667.87,INR,Debit,2024-01-17 20:00:00,Success,0
406,7559047709,4066.57,5114.11,USD,Debit,2024-01-17 21:00:00,Success,0
407,9236710634,4486.44,2468.81,GBP,Debit,2024-01-17 22:00:00,Success,1
408,1848036204,2546.95,-215.26,USD,Debit,2024-01-17 23:00:00,Success,1
409,5226758430,1999.44,2699.14,EUR,Debit,2024-01-18 00:00:00,Success,0
410,4325383353,5334.45,3255.46,EUR,Debit,2024-01-18 01:00:00,Success,1
411,3025777940,2095.28,2788.84,EUR,Debit,2024-01-18 02:00:00,Success,0
412,7466744829,1208.19,3920.17,EUR,Credit,2024-01-18 03:00:00,Success,1
413,1331332564,1750.99,2096.98,INR,Credit,2024-01-18 04:00:00,Success,0
414,2315101471,2167.5,978.55,EUR,Credit,2024-01-18 05:00:00,Failed,0
415,2027608987,1707.96,1400.56,EUR,Debit,2024-01-18 06:00:00,Success,0
416,8818854881,4268.09,2174.77,USD,Credit,2024-01-18 07:00:00,Success,1
417,7479075986,-296.87,2161.04,GBP,Debit,2024-01-18 08:00:00,Success,1
418,4165663699,1676.16,6849.8,USD,Debit,2024-01-18 09:00:00,Success,1
419,5596050853,2928.75,5008.17,INR,Credit,2024-01-18 10:00:00,Failed,1
420,9008144081,3315.37,4098.73,EUR,Debit,2024-01-18 11:00:00,Success,0
421,3624325599,5537.75,3713.62,GBP,Credit,2024-01-18 12:00:00,Failed,1
422,8542965837,5317.86,3479.64,GBP,Debit,2024-01-18 13:00:00,Success,0
423,4512641834,598.89,3488.0,EUR,Debit,2024-01-18 14:00:00,Success,1
424,9426245804,137.93,3261.26,EUR,Credit,2024-01-18 15:00:00,Success,1
425,6689566108,3037.46,3064.19,INR,Credit,2024-01-18 16:00:00,Success,0
426,5215285315,1990.22,-346.98,INR,Credit,2024-01-18 17:00:00,Success,1
427,2352077434,1211.96,2409.4,EUR,Credit,2024-01-18 18:00:00,Success,0
428,3085196483,3024.18,2615.52,EUR,Credit,2024-01-18 19:00:00,Success,0
429,7347959704,3346.05,1801.64,EUR,Credit,2024-01-18 20:00:00,Failed,0
430,1622480472,1741.55,2110.24,EUR,Debit,2024-01-18 21:00:00,Success,0
431,2094218437,2063.87,3481.2,GBP,Debit,2024-01-18 22:00:00,Success,0
432,9222827207,1856.94,4228.14,INR,Debit,2024-01-18 23:00:00,Success,1
433,4253116049,2382.76,3478.78,EUR,Debit,2024-01-19 00:00:00,Success,0
434,8548612864,3812.17,4187.91,EUR,Credit,2024-01-19 01:00:00,Success,0
435,4477937391,1383.14,4216.17,GBP,Debit,2024-01-19 02:00:00,Success,1
436,1964475556,2038.97,2520.47,USD,Debit,2024-01-19 03:00:00,Success,0
437,8448804690,2401.08,3840.49,EUR,Credit,2024-01-19 04:00:00,Success,0
438,9053010790,2989.87,205.8,GBP,Debit,2024-01-19 05:00:00,Success,1
439,5650325605,3413.98,2385.08,GBP,Credit,2024-01-19 06:00:00,Success,0
440,9225220272,6063.39,2197.04,USD,Credit,2024-01-19 07:00:00,Failed,1
441,2259922770,3858.19,5450.12,INR,Credit,2024-01-19 08:00:00,Success,0
442,7402483460,3893.9,3539.34,INR,Debit,2024-01-19 09:00:00,Success,0
443,9347497190,2600.08,864.87,INR,Credit,2024-01-19 10:00:00,Success,0
444,4745903638,1530.2,3951.33,EUR,Debit,2024-01-19 11:00:00,Success,1
445,8652065960,2207.68,4455.65,INR,Debit,2024-01-19 12:00:00,Success,1
446,1434495248,1934.5,2856.54,EUR,Debit,2024-01-19 13:00:00,Success,0
447,5180696654,3588.35,4104.41,EUR,Credit,2024-01-19 14:00:00,Success,0
448,7179103756,523.08,-993.13,GBP,Credit,2024-01-19 15:00:00,Success,0
449,5157398617,3888.8,-1318.92,INR,Credit,2024-01-19 16:00:00,Success,1
450,6390966619,2824.14,1114.13,INR,Debit,2024-01-19 17:00:00,Success,0
451,3346729193,4100.02,3238.46,INR,Debit,2024-01-19 18:00:00,Success,0
452,6768887799,1914.14,5451.46,EUR,Credit,2024-01-19 19:00:00,Success,1
453,7706953770,1647.95,1197.72,EUR,Debit,2024-01-19 20:00:00,Success,0
454,4284119142,2390.0,1634.12,INR,Credit,2024-01-19 21:00:00,Failed,0
455,4812248762,2354.03,3141.77,EUR,Credit,2024-01-19 22:00:00,Success,0
456,8532000472,4209.52,2212.29,EUR,Debit,2024-01-19 23:00:00,Success,0
457,8281733399,4195.21,2121.29,USD,Debit,2024-01-20 00:00:00,Success,1
458,5535495389,5857.53,2325.64,USD,Credit,2024-01-20 01:00:00,Success,1
459,6021353024,2256.76,5103.66,INR,Debit,2024-01-20 02:00:00,Success,1
460,2890737912,-2021.33,4785.81,INR,Credit,2024-01-20 03:00:00,Failed,1
461,4578608362,2385.87,3037.55,USD,Credit,2024-01-20 04:00:00,Failed,0
462,9286742381,3345.99,5647.17,EUR,Debit,2024-01-20 05:00:00,Success,1
463,7994022794,4071.8,3814.45,EUR,Credit,2024-01-20 06:00:00,Success,0
464,6991243962,3455.41,4846.23,GBP,Debit,2024-01-20 07:00:00,Success,0
465,6386022224,2255.58,1623.13,INR,Credit,2024-01-20 08:00:00,Success,0
466,4374423304,5571.25,1954.12,INR,Debit,2024-01-20 09:00:00,Success,1
467,8803957632,1449.4,1936.99,INR,Debit,2024-01-20 10:00:00,Success,0
468,7050719941,2588.03,2861.24,GBP,Credit,2024-01-20 11:00:00,Success,0
469,2403479765,1380.14,3095.86,GBP,Debit,2024-01-20 12:00:00,Success,0
470,5637078308,3029.37,3518.68,EUR,Debit,2024-01-20 13:00:00,Success,0
471,9798509914,5383.51,6156.97,USD,Credit,2024-01-20 14:00:00,Success,0
472,7218913779,2788.61,4154.05,USD,Debit,2024-01-20 15:00:00,Success,0
473,7208971391,2797.8,2176.33,USD,Credit,2024-01-20 16:00:00,Success,0
474,1541823417,456.06,2994.76,EUR,Debit,2024-01-20 17:00:00,Success,1
475,5928271423,2569.51,5407.91,USD,Credit,2024-01-20 18:00:00,Success,1
476,9717650857,4725.73,4251.01,GBP,Credit,2024-01-20 19:00:00,Success,0
477,8129086800,2624.65,5386.85,GBP,Credit,2024-01-20 20:00:00,Success,1
478,7148607892,2523.31,2227.71,INR,Credit,2024-01-20 21:00:00,Success,0
479,5263174720,4658.57,1861.34,USD,Debit,2024-01-20 22:00:00,Failed,1
480,5511672344,2529.65,1884.73,GBP,Credit,2024-01-20 23:00:00,Success,0
481,5744061388,4938.08,2356.82,INR,Debit,2024-01-21 00:00:00,Success,1
482,3265577828,1073.04,1298.75,USD,Credit,2024-01-21 01:00:00,Success,0
483,8974089272,4016.78,3472.31,USD,Debit,2024-01-21 02:00:00,Failed,0
484,4984331823,5469.49,3499.82,GBP,Credit,2024-01-21 03:00:00,Success,0
485,2464670475,4511.79,5142.04,INR,Debit,2024-01-21 04:00:00,Failed,0
486,5131178199,199.09,183.58,INR,Debit,2024-01-21 05:00:00,Success,1
487,1275963328,2042.55,1489.4,GBP,Credit,2024-01-21 06:00:00,Failed,0
488,3760704256,2637.07,4288.93,GBP,Credit,2024-01-21 07:00:00,Success,0
489,9142368386,4514.93,3293.56,GBP,Credit,2024-01-21 08:00:00,Success,0
490,3805417618,1002.57,3071.68,USD,Debit,2024-01-21 09:00:00,Failed,1
491,5149907889,1471.59,5022.17,GBP,Debit,2024-01-21 10:00:00,Failed,1
492,8737896776,592.27,1384.07,GBP,Debit,2024-01-21 11:00:00,Success,0
493,3877498928,1761.3,1834.03,EUR,Debit,2024-01-21 12:00:00,Success,0
494,3061663793,1122.59,1645.58,GBP,Credit,2024-01-21 13:00:00,Success,0
495,5945472804,5396.86,-220.65,GBP,Credit,2024-01-21 14:00:00,Success,1
496,7192694441,2028.93,3212.51,USD,Credit,2024-01-21 15:00:00,Success,0
497,9613121171,4036.39,2163.44,INR,Credit,2024-01-21 16:00:00,Failed,0
498,8166173975,3026.95,1827.36,USD,Debit,2024-01-21 17:00:00,Success,0
499,5177399487,3005.94,1538.52,EUR,Debit,2024-01-21 18:00:00,Success,0
500,7901267535,2112.83,2971.61,GBP,Credit,2024-01-21 19:00:00,Success,0
501,5810027745,4155.03,1722.34,GBP,Debit,2024-01-21 20:00:00,Success,1
502,2377538135,3231.52,3354.51,GBP,Credit,2024-01-21 21:00:00,Success,0
503,6293839563,3145.12,3734.69,GBP,Debit,2024-01-21 22:00:00,Success,0
504,3610034045,2109.87,2528.68,GBP,Debit,2024-01-21 23:00:00,Success,0
505,2729459675,2355.34,2420.05,GBP,Debit,2024-01-22 00:00:00,Success,0
506,1892681998,3883.37,3296.79,EUR,Debit,2024-01-22 01:00:00,Success,0
507,8788523314,3345.08,2953.84,GBP,Debit,2024-01-22 02:00:00,Success,0
508,8136479292,3185.21,5128.25,GBP,Debit,2024-01-22 03:00:00,Failed,0
509,6310025246,1868.94,3509.22,GBP,Credit,2024-01-22 04:00:00,Success,0
510,7769552798,5916.16,4752.94,EUR,Debit,2024-01-22 05:00:00,Success,0
511,1809107450,2280.44,3976.82,GBP,Credit,2024-01-22 06:00:00,Success,0
512,1241577698,2954.62,890.53,EUR,Credit,2024-01-22 07:00:00,Success,1
513,1346640188,2719.45,2106.78,USD,Credit,2024-01-22 08:00:00,Success,0
514,9558886228,5932.07,2923.04,GBP,Credit,2024-01-22 09:00:00,Success,1
515,8660434511,2563.78,4389.51,INR,Credit,2024-01-22 10:00:00,Success,0
516,6797361270,2426.49,6084.5,EUR,Credit,2024-01-22 11:00:00,Success,1
517,1550550858,3177.47,2225.36,USD,Debit,2024-01-22 12:00:00,Success,0
518,5822912738,1959.69,3088.41,EUR,Debit,2024-01-22 13:00:00,Failed,0
519,3661025253,3167.4,4279.86,EUR,Debit,2024-01-22 14:00:00,Success,0
520,8196356724,6557.41,2907.48,USD,Credit,2024-01-22 15:00:00,Failed,1
521,3773515053,3449.54,5630.55,GBP,Credit,2024-01-22 16:00:00,Success,1
522,1058056226,3394.87,843.54,GBP,Credit,2024-01-22 17:00:00,Success,1
523,5621356920,1923.14,4084.83,EUR,Debit,2024-01-22 18:00:00,Success,1
524,6051236432,5563.81,4069.14,USD,Debit,2024-01-22 19:00:00,Success,0
525,4078282905,5908.55,4843.26,GBP,Debit,2024-01-22 20:00:00,Success,0
526,8327172982,4279.02,3099.28,EUR,Credit,2024-01-22 21:00:00,Success,0
527,6300844606,3980.75,4426.43,INR,Credit,2024-01-22 22:00:00,Success,0
528,3812218795,2647.85,2601.38,USD,Credit,2024-01-22 23:00:00,Success,0
529,1835577153,3587.01,1717.77,INR,Debit,2024-01-23 00:00:00,Failed,0
530,4142539943,1747.26,1484.48,INR,Credit,2024-01-23 01:00:00,Success,0
531,5957025876,1310.83,693.76,EUR,Credit,2024-01-23 02:00:00,Success,0
532,4674961544,768.96,2293.83,USD,Credit,2024-01-23 03:00:00,Success,0
533,3210488778,3616.01,3498.38,GBP,Credit,2024-01-23 04:00:00,Success,0
534,1453980623,932.44,2666.99,GBP,Debit,2024-01-23 05:00:00,Success,0
535,7524755561,2250.55,3316.75,EUR,Debit,2024-01-23 06:00:00,Success,0
536,6576318156,2908.16,4975.81,GBP,Credit,2024-01-23 07:00:00,Success,1
537,2129687376,4492.94,2172.02,GBP,Credit,2024-01-23 08:00:00,Success,1
538,3937228242,2132.67,6744.47,INR,Debit,2024-01-23 09:00:00,Success,1
539,3155387445,4669.91,4208.39,INR,Debit,2024-01-23 10:00:00,Success,0
540,8908493884,4408.74,2684.92,USD,Credit,2024-01-23 11:00:00,Failed,0
541,7953273585,1393.04,2648.64,INR,Debit,2024-01-23 12:00:00,Success,0
542,4843433933,4684.24,1386.99,GBP,Debit,2024-01-23 13:00:00,Success,1
543,2497236221,2574.63,2958.85,USD,Credit,2024-01-23 14:00:00,Failed,0
544,1786707119,2251.57,-458.55,USD,Debit,2024-01-23 15:00:00,Success,1
545,7825930221,2580.97,5009.23,EUR,Debit,2024-01-23 16:00:00,Success,1
546,9668880345,2994.74,-1506.58,INR,Debit,2024-01-23 17:00:00,Success,1
547,8256942186,2377.43,3066.8,USD,Debit,2024-01-23 18:00:00,Success,0
548,2294467912,1740.46,1169.62,GBP,Credit,2024-01-23 19:00:00,Failed,0
549,7983547728,1873.12,1878.11,USD,Debit,2024-01-23 20:00:00,Success,0
550,7461455101,3208.41,2084.56,USD,Debit,2024-01-23 21:00:00,Success,0
551,3512890090,2759.3,6081.0,EUR,Credit,2024-01-23 22:00:00,Success,1
552,6724049623,3790.96,1234.8,GBP,Debit,2024-01-23 23:00:00,Failed,1
553,9895651384,3078.54,4462.82,GBP,Credit,2024-01-24 00:00:00,Success,0
554,1384486310,3115.52,4856.64,INR,Credit,2024-01-24 01:00:00,Success,0
555,7158030787,3889.22,-741.49,GBP,Debit,2024-01-24 02:00:00,Failed,1
556,2309269970,5128.38,2015.44,USD,Debit,2024-01-24 03:00:00,Success,1
557,3954551347,5188.53,5375.13,GBP,Debit,2024-01-24 04:00:00,Success,0
558,9005625002,5010.61,896.36,GBP,Debit,2024-01-24 05:00:00,Success,1
559,1828860016,4305.67,4917.24,USD,Debit,2024-01-24 06:00:00,Success,0
560,7941758271,6128.12,2971.41,EUR,Credit,2024-01-24 07:00:00,Success,1
561,1807521347,3656.74,2902.24,INR,Debit,2024-01-24 08:00:00,Success,0
562,8100168219,3488.32,3111.19,INR,Credit,2024-01-24 09:00:00,Success,0
563,1637730419,6365.88,3548.11,EUR,Debit,2024-01-24 10:00:00,Success,1
564,4153484395,-1088.95,1470.98,USD,Credit,2024-01-24 11:00:00,Success,1
565,9826628681,2679.16,2583.33,INR,Debit,2024-01-24 12:00:00,Success,0
566,6223221376,4878.74,3592.96,EUR,Debit,2024-01-24 13:00:00,Success,0
567,2853966521,4470.39,3283.02,EUR,Debit,2024-01-24 14:00:00,Failed,0
568,4697154514,6848.48,3558.76,EUR,Debit,2024-01-24 15:00:00,Success,1
569,1023380568,3161.23,1850.1,INR,Debit,2024-01-24 16:00:00,Failed,0
570,1151073891,2353.77,4011.68,INR,Credit,2024-01-24 17:00:00,Success,0
571,4916243932,2501.87,3202.36,INR,Debit,2024-01-24 18:00:00,Success,0
572,8624992601,3477.1,470.88,INR,Debit,2024-01-24 19:00:00,Success,1
573,8531698161,5432.47,2149.81,GBP,Debit,2024-01-24 20:00:00,Success,1
574,8611066543,5451.21,1567.19,EUR,Credit,2024-01-24 21:00:00,Success,1
575,4266780392,2915.98,1546.6,GBP,Debit,2024-01-24 22:00:00,Success,0
576,4580173540,3379.51,2237.63,EUR,Credit,2024-01-24 23:00:00,Failed,0
577,4833736473,2082.6,3981.56,INR,Debit,2024-01-25 00:00:00,Success,0
578,2969886329,2239.18,1997.13,INR,Credit,2024-01-25 01:00:00,Success,0
579,1403687964,4569.39,3360.09,GBP,Debit,2024-01-25 02:00:00,Failed,0
580,5126238451,5403.32,3097.86,USD,Debit,2024-01-25 03:00:00,Failed,1
581,2376480757,1954.07,1753.52,INR,Credit,2024-01-25 04:00:00,Failed,0
582,4631614741,3364.43,2448.3,USD,Debit,2024-01-25 05:00:00,Success,0
583,7919018352,2635.38,4383.76,EUR,Credit,2024-01-25 06:00:00,Success,0
584,1172333946,4295.81,3239.69,GBP,Debit,2024-01-25 07:00:00,Success,0
585,9166651947,2417.23,3878.12,USD,Debit,2024-01-25 08:00:00,Success,0
586,4730076645,110.32,5035.99,USD,Credit,2024-01-25 09:00:00,Success,1
587,4583845771,4505.54,3695.9,INR,Debit,2024-01-25 10:00:00,Success,0
588,8293601190,2544.77,-73.1,USD,Credit,2024-01-25 11:00:00,Success,1
589,2251618464,2700.83,3432.96,USD,Credit,2024-01-25 12:00:00,Success,0
590,2443797316,3653.38,2011.02,EUR,Debit,2024-01-25 13:00:00,Success,0
591,6619832478,3529.25,5896.48,GBP,Debit,2024-01-25 14:00:00,Success,1
592,3502114415,3684.18,3638.83,INR,Debit,2024-01-25 15:00:00,Success,0
593,8296435040,555.4,2044.1,INR,Credit,2024-01-25 16:00:00,Success,0
594,4667326515,3834.46,3906.42,USD,Credit,2024-01-25 17:00:00,Success,0
595,5896973271,136.42,3145.27,EUR,Debit,2024-01-25 18:00:00,Success,1
596,7632216104,4154.35,251.27,USD,Credit,2024-01-25 19:00:00,Success,1
597,9624329292,4677.57,4380.9,USD,Credit,2024-01-25 20:00:00,Success,0
598,9998358714,947.22,2351.14,INR,Credit,2024-01-25 21:00:00,Success,0
599,5527804979,3492.65,5272.99,USD,Credit,2024-01-25 22:00:00,Failed,0
600,8410871728,4585.77,2800.91,USD,Debit,2024-01-25 23:00:00,Success,0
601,4769748449,2326.49,5302.87,EUR,Debit,2024-01-26 00:00:00,Success,1
602,4492452599,4010.45,3679.84,INR,Debit,2024-01-26 01:00:00,Success,0
603,5113849463,-1178.11,4558.6,GBP,Credit,2024-01-26 02:00:00,Success,1
604,8273019884,4647.29,2213.09,EUR,Credit,2024-01-26 03:00:00,Success,1
605,1731257494,3044.99,3564.81,EUR,Credit,2024-01-26 04:00:00,Success,0
606,6461942203,2613.26,238.02,EUR,Credit,2024-01-26 05:00:00,Success,1
607,6208622687,4476.06,2796.74,INR,Debit,2024-01-26 06:00:00,Success,0
608,4724080240,5593.93,624.75,USD,Credit,2024-01-26 07:00:00,Success,1
609,9467598276,3728.57,1171.24,GBP,Credit,2024-01-26 08:00:00,Success,1
610,2186437240,5413.07,1574.71,INR,Debit,2024-01-26 09:00:00,Success,1
611,4403292453,670.08,4056.67,USD,Debit,2024-01-26 10:00:00,Success,1
612,6262365305,3998.92,2764.22,EUR,Debit,2024-01-26 11:00:00,Success,0
613,8221816192,2801.99,3050.28,INR,Credit,2024-01-26 12:00:00,Success,0
614,9090573311,1817.67,2720.66,USD,Credit,2024-01-26 13:00:00,Success,0
615,7706496672,106.98,4729.15,GBP,Credit,2024-01-26 14:00:00,Success,1
616,1798578887,3917.68,3006.47,GBP,Credit,2024-01-26 15:00:00,Success,0
617,3121066156,4312.94,3398.14,USD,Credit,2024-01-26 16:00:00,Success,0
618,6745459998,5013.03,2087.59,INR,Credit,2024-01-26 17:00:00,Success,1
619,8661914952,4764.74,4839.05,EUR,Debit,2024-01-26 18:00:00,Success,0
620,3825181289,1842.44,4959.02,USD,Credit,2024-01-26 19:00:00,Success,1
621,8685325692,4936.06,2940.98,EUR,Debit,2024-01-26 20:00:00,Success,0
622,2176999665,5094.52,2065.13,GBP,Debit,2024-01-26 21:00:00,Failed,1
623,2836123009,2610.02,414.44,USD,Debit,2024-01-26 22:00:00,Success,1
624,8863086052,3042.64,1610.25,GBP,Credit,2024-01-26 23:00:00,Success,0
625,2255913240,1598.77,-467.34,EUR,Credit,2024-01-27 00:00:00,Success,1
626,4757655008,5221.33,1542.97,EUR,Debit,2024-01-27 01:00:00,Success,1
627,8609749778,732.32,3571.15,USD,Credit,2024-01-27 02:00:00,Failed,1
628,7089866259,3802.46,2919.36,USD,Credit,2024-01-27 03:00:00,Success,0
629,8509348072,2104.76,6717.23,USD,Debit,2024-01-27 04:00:00,Success,1
630,9423868124,1338.22,2406.31,GBP,Credit,2024-01-27 05:00:00,Success,0
631,7266227216,187.91,2281.39,EUR,Credit,2024-01-27 06:00:00,Success,1
632,9340038339,2676.89,4700.43,EUR,Credit,2024-01-27 07:00:00,Success,1
633,7888029267,1103.12,-83.1,GBP,Credit,2024-01-27 08:00:00,Success,0
634,7444945847,3084.63,629.17,USD,Debit,2024-01-27 09:00:00,Success,1
635,3901869176,5654.01,4062.15,INR,Debit,2024-01-27 10:00:00,Success,0
636,3330343834,3299.26,2687.32,USD,Credit,2024-01-27 11:00:00,Failed,0
637,2000919043,5995.92,2724.01,INR,Credit,2024-01-27 12:00:00,Success,1
638,7758680191,1526.59,1500.56,INR,Credit,2024-01-27 13:00:00,Success,0
639,8823435743,1078.59,3383.63,GBP,Debit,2024-01-27 14:00:00,Failed,1
640,2257014302,1459.48,1707.16,EUR,Credit,2024-01-27 15:00:00,Success,0
641,8443835579,2902.35,3116.39,EUR,Credit,2024-01-27 16:00:00,Failed,0
642,5698951137,7084.42,1146.43,EUR,Debit,2024-01-27 17:00:00,Success,1
643,8330300448,506.83,2708.16,EUR,Credit,2024-01-27 18:00:00,Success,1
644,6575036495,3929.49,6239.79,GBP,Debit,2024-01-27 19:00:00,Success,1
645,6256088131,1950.05,2320.1,INR,Credit,2024-01-27 20:00:00,Success,0
646,3096392618,2664.3,2789.19,EUR,Debit,2024-01-27 21:00:00,Success,0
647,4092813077,1112.97,2675.96,INR,Credit,2024-01-27 22:00:00,Success,0
648,3903365640,4318.71,3279.25,GBP,Credit,2024-01-27 23:00:00,Success,0
649,4030783770,2934.11,3749.04,USD,Debit,2024-01-28 00:00:00,Success,0
650,3101226411,4631.18,3411.58,GBP,Debit,2024-01-28 01:00:00,Success,0
651,2644703532,3262.87,3446.91,EUR,Debit,2024-01-28 02:00:00,Success,0
652,8836710524,102.56,2710.67,USD,Debit,2024-01-28 03:00:00,Failed,1
653,2908478155,4644.81,3160.46,GBP,Debit,2024-01-28 04:00:00,Success,0
654,9349398824,-19.5,2657.67,GBP,Credit,2024-01-28 05:00:00,Success,1
655,9795400708,195.15,100.23,INR,Debit,2024-01-28 06:00:00,Success,1
656,9579551920,1624.2,7208.98,GBP,Debit,2024-01-28 07:00:00,Failed,1
657,9104354624,1644.22,4165.08,USD,Debit,2024-01-28 08:00:00,Failed,1
658,2607632007,5094.03,1433.09,GBP,Debit,2024-01-28 09:00:00,Success,1
659,4156158969,2743.27,3368.1,EUR,Credit,2024-01-28 10:00:00,Failed,0
660,2308141238,4871.08,846.17,INR,Credit,2024-01-28 11:00:00,Success,1
661,8673070257,2148.12,2209.28,USD,Credit,2024-01-28 12:00:00,Failed,0
662,2342364766,3476.47,628.82,USD,Credit,2024-01-28 13:00:00,Success,1
663,4927497326,3711.06,2918.1,GBP,Credit,2024-01-28 14:00:00,Success,0
664,8905457020,4044.1,469.83,EUR,Debit,2024-01-28 15:00:00,Success,1
665,4640587494,2302.61,3621.48,INR,Credit,2024-01-28 16:00:00,Success,0
666,8755623848,2433.22,4091.55,USD,Credit,2024-01-28 17:00:00,Success,0
667,4610365087,2552.8,1676.83,INR,Debit,2024-01-28 18:00:00,Success,0
668,7325968533,521.38,3257.43,GBP,Debit,2024-01-28 19:00:00,Failed,1
669,9757776271,2874.15,1592.06,EUR,Credit,2024-01-28 20:00:00,Success,0
670,4978342116,2424.47,3818.77,GBP,Credit,2024-01-28 21:00:00,Success,0
671,1813853964,3870.11,1898.21,INR,Debit,2024-01-28 22:00:00,Success,0
672,1396292363,3136.95,4262.35,GBP,Credit,2024-01-28 23:00:00,Success,0
673,4133251330,5004.57,101.45,INR,Debit,2024-01-29 00:00:00,Success,1
674,3925087957,3105.13,1392.04,USD,Debit,2024-01-29 01:00:00,Success,0
675,6896459703,2156.69,1225.89,USD,Credit,2024-01-29 02:00:00,Success,0
676,2744229073,3086.55,3325.37,GBP,Credit,2024-01-29 03:00:00,Success,0
677,5778896412,4086.25,3888.14,USD,Credit,2024-01-29 04:00:00,Success,0
678,3264820791,340.19,3449.02,INR,Debit,2024-01-29 05:00:00,Failed,1
679,9101891629,1927.13,2185.64,USD,Debit,2024-01-29 06:00:00,Success,0
680,9086485826,1958.73,-1472.14,EUR,Credit,2024-01-29 07:00:00,Failed,1
681,5743911153,3616.49,3061.92,EUR,Credit,2024-01-29 08:00:00,Success,0
682,1552965052,3790.93,4260.88,GBP,Credit,2024-01-29 09:00:00,Success,0
683,9134550665,3151.84,7288.81,GBP,Debit,2024-01-29 10:00:00,Failed,1
684,5184799052,-717.96,2320.97,GBP,Debit,2024-01-29 11:00:00,Success,1
685,6823005366,522.12,1935.5,GBP,Debit,2024-01-29 12:00:00,Success,0
686,4246848597,2641.6,3512.41,INR,Credit,2024-01-29 13:00:00,Success,0
687,3943944627,2247.8,2590.15,INR,Debit,2024-01-29 14:00:00,Success,0
688,8640770015,3008.06,5040.6,EUR,Debit,2024-01-29 15:00:00,Success,1
689,4824537722,2295.9,1706.9,INR,Credit,2024-01-29 16:00:00,Success,0
690,7740012202,5297.46,2601.84,USD,Debit,2024-01-29 17:00:00,Failed,1
691,4487123079,-440.91,4401.94,EUR,Credit,2024-01-29 18:00:00,Success,1
692,1815410955,3453.94,3493.38,GBP,Debit,2024-01-29 19:00:00,Success,0
693,4097905246,4242.02,4857.93,GBP,Credit,2024-01-29 20:00:00,Success,0
694,1671848488,4052.31,2301.49,INR,Credit,2024-01-29 21:00:00,Success,0
695,2284249668,4180.91,5021.26,EUR,Debit,2024-01-29 22:00:00,Failed,0
696,2359778333,4396.67,337.86,INR,Credit,2024-01-29 23:00:00,Success,1
697,3882874629,2094.03,401.91,INR,Debit,2024-01-30 00:00:00,Success,0
698,1135059346,1347.77,5046.46,INR,Credit,2024-01-30 01:00:00,Failed,1
699,8884628233,-52.02,3011.76,EUR,Credit,2024-01-30 02:00:00,Success,1
700,1749948191,2456.1,4473.31,GBP,Credit,2024-01-30 03:00:00,Success,1
701,2384097838,1833.7,3159.15,USD,Debit,2024-01-30 04:00:00,Success,0
702,9479575239,4742.41,2988.73,GBP,Credit,2024-01-30 05:00:00,Success,0
703,9307625481,2568.66,875.17,EUR,Credit,2024-01-30 06:00:00,Success,0
704,2252361476,1454.39,2957.06,GBP,Debit,2024-01-30 07:00:00,Success,0
705,2146323712,1217.2,5178.57,GBP,Credit,2024-01-30 08:00:00,Success,1
706,3144231965,5983.23,3090.67,USD,Credit,2024-01-30 09:00:00,Success,1
707,3666396475,2966.87,4091.33,GBP,Credit,2024-01-30 10:00:00,Success,0
708,8383009063,1827.74,4047.0,GBP,Credit,2024-01-30 11:00:00,Success,1
709,3446075292,3186.06,1379.67,GBP,Debit,2024-01-30 12:00:00,Success,0
710,8466161883,5845.33,4371.41,INR,Credit,2024-01-30 13:00:00,Failed,1
711,1607828958,2415.48,2498.03,EUR,Credit,2024-01-30 14:00:00,Success,0
712,2983953642,4030.52,2584.56,EUR,Debit,2024-01-30 15:00:00,Success,0
713,9149967567,4779.69,6356.31,USD,Credit,2024-01-30 16:00:00,Success,0
714,1429433348,162.86,3955.69,INR,Credit,2024-01-30 17:00:00,Success,1
715,1144078413,2042.38,1978.4,INR,Debit,2024-01-30 18:00:00,Success,0
716,8279229031,4591.63,3103.26,GBP,Debit,2024-01-30 19:00:00,Success,0
717,9617961013,1951.04,3058.59,EUR,Debit,2024-01-30 20:00:00,Success,0
718,9658025054,3621.94,5697.75,USD,Debit,2024-01-30 21:00:00,Success,1
719,9985005064,1862.28,3063.14,INR,Credit,2024-01-30 22:00:00,Success,0
720,2403118668,2331.67,6532.8,GBP,Debit,2024-01-30 23:00:00,Success,1
721,7172606966,2148.95,925.23,USD,Credit,2024-01-31 00:00:00,Success,0
722,7794059593,3955.01,2948.24,INR,Debit,2024-01-31 01:00:00,Success,0
723,1620965142,3302.37,1779.43,USD,Credit,2024-01-31 02:00:00,Success,0
724,5905457601,3148.29,2208.27,INR,Debit,2024-01-31 03:00:00,Success,0
725,3747813564,6761.24,2243.01,USD,Debit,2024-01-31 04:00:00,Success,1
726,1234868658,5609.55,1861.91,INR,Credit,2024-01-31 05:00:00,Success,1
727,7044660859,28.13,5768.27,INR,Debit,2024-01-31 06:00:00,Success,1
728,7730354543,2334.89,5276.1,USD,Debit,2024-01-31 07:00:00,Success,1
729,4987171777,6639.7,3644.23,INR,Debit,2024-01-31 08:00:00,Failed,1
730,6761997697,2138.11,2241.04,INR,Credit,2024-01-31 09:00:00,Success,0
731,7716757748,6131.62,1906.83,INR,Debit,2024-01-31 10:00:00,Success,1
732,3218111577,2360.51,4186.89,USD,Debit,2024-01-31 11:00:00,Success,0
733,5992966679,2649.0,3480.24,USD,Credit,2024-01-31 12:00:00,Success,0
734,1573244471,4295.36,2768.28,INR,Credit,2024-01-31 13:00:00,Success,0
735,8756099806,2864.69,3865.91,INR,Debit,2024-01-31 14:00:00,Success,0
736,2910212033,3741.94,4425.71,USD,Credit,2024-01-31 15:00:00,Success,0
737,1199431027,5362.42,2753.54,GBP,Credit,2024-01-31 16:00:00,Success,1
738,9252433193,4138.2,1740.28,INR,Credit,2024-01-31 17:00:00,Success,1
739,1552436131,3212.3,886.21,GBP,Debit,2024-01-31 18:00:00,Success,1
740,2914605131,5510.29,3401.01,USD,Debit,2024-01-31 19:00:00,Success,1
741,4501921443,4315.03,6467.59,INR,Credit,2024-01-31 20:00:00,Success,1
742,4819595006,1899.69,1222.94,GBP,Debit,2024-01-31 21:00:00,Success,0
743,3426796201,5970.11,4759.15,USD,Credit,2024-01-31 22:00:00,Failed,1
744,3876270765,3963.55,1919.11,GBP,Debit,2024-01-31 23:00:00,Success,1
745,9424073560,2679.48,2241.55,EUR,Credit,2024-02-01 00:00:00,Success,0
746,3588447761,-31.23,4463.88,USD,Debit,2024-02-01 01:00:00,Success,1
747,7697895249,933.64,2591.59,EUR,Credit,2024-02-01 02:00:00,Success,0
748,9937610927,5550.2,3397.22,USD,Debit,2024-02-01 03:00:00,Success,1
749,5220144326,5609.5,3366.55,USD,Debit,2024-02-01 04:00:00,Success,1
750,3267029937,3127.93,1921.68,INR,Credit,2024-02-01 05:00:00,Success,0
751,3783274764,344.63,4432.16,EUR,Debit,2024-02-01 06:00:00,Success,1
752,7313509301,1369.54,2901.47,EUR,Debit,2024-02-01 07:00:00,Success,0
753,4684725781,564.35,778.38,EUR,Debit,2024-02-01 08:00:00,Failed,0
754,2282253596,509.83,1572.03,USD,Debit,2024-02-01 09:00:00,Success,0
755,6281978018,6040.2,-1986.64,EUR,Debit,2024-02-01 10:00:00,Failed,1
756,5005662857,6089.88,3083.19,EUR,Debit,2024-02-01 11:00:00,Success,1
757,8011414725,1318.73,5086.51,INR,Debit,2024-02-01 12:00:00,Failed,1
758,3742143659,2986.9,1324.56,GBP,Debit,2024-02-01 13:00:00,Success,0
759,7011229846,1072.81,3936.86,GBP,Credit,2024-02-01 14:00:00,Failed,1
760,7443730316,2977.14,3688.91,EUR,Debit,2024-02-01 15:00:00,Success,0
761,3915856916,5458.96,1797.0,EUR,Credit,2024-02-01 16:00:00,Success,1
762,2683488634,4618.08,5458.45,EUR,Debit,2024-02-01 17:00:00,Success,0
763,8970698693,4212.99,2563.74,EUR,Credit,2024-02-01 18:00:00,Success,0
764,6451858400,2708.73,6216.43,GBP,Debit,2024-02-01 19:00:00,Success,1
765,3879949545,4892.95,382.91,INR,Credit,2024-02-01 20:00:00,Failed,1
766,2367311534,3970.0,2569.38,USD,Credit,2024-02-01 21:00:00,Success,0
767,5255078046,3605.87,2759.6,EUR,Debit,2024-02-01 22:00:00,Success,0
768,7470180881,2826.89,2935.02,EUR,Credit,2024-02-01 23:00:00,Success,0
769,2783329510,3477.56,4146.13,GBP,Debit,2024-02-02 00:00:00,Success,0
770,3641796978,3432.38,8437.0,EUR,Debit,2024-02-02 01:00:00,Success,1
771,2973547224,2187.85,3728.11,INR,Credit,2024-02-02 02:00:00,Success,0
772,3519626810,1837.63,3038.78,INR,Debit,2024-02-02 03:00:00,Success,0
773,3805857190,1504.64,1246.08,EUR,Credit,2024-02-02 04:00:00,Success,0
774,1302228714,1600.71,-24.17,GBP,Credit,2024-02-02 05:00:00,Success,0
775,3323518177,2717.85,4872.42,EUR,Debit,2024-02-02 06:00:00,Success,1
776,7686114357,2470.97,2125.15,EUR,Debit,2024-02-02 07:00:00,Success,0
777,4671082978,2068.9,7166.65,GBP,Debit,2024-02-02 08:00:00,Success,1
778,9287496267,1957.83,4389.14,INR,Debit,2024-02-02 09:00:00,Success,1
779,2876299563,3437.82,3546.5,USD,Debit,2024-02-02 10:00:00,Success,0
780,2685268291,5066.41,3630.61,EUR,Credit,2024-02-02 11:00:00,Success,0
781,2740385711,2983.63,3646.36,INR,Credit,2024-02-02 12:00:00,Success,0
782,8789420254,2885.5,1888.69,EUR,Debit,2024-02-02 13:00:00,Success,0
783,7563683316,1597.67,197.6,USD,Debit,2024-02-02 14:00:00,Success,0
784,1891074434,2665.4,2118.9,GBP,Debit,2024-02-02 15:00:00,Success,0
785,4890596949,4785.5,2970.63,INR,Credit,2024-02-02 16:00:00,Success,0
786,8896508735,4556.19,1963.49,USD,Credit,2024-02-02 17:00:00,Success,1
787,3023289213,4451.96,942.27,EUR,Credit,2024-02-02 18:00:00,Success,1
788,7060838504,4403.8,1802.86,USD,Debit,2024-02-02 19:00:00,Success,1
789,6311018786,3655.1,4657.17,INR,Debit,2024-02-02 20:00:00,Success,0
790,8430264332,3601.81,4197.11,GBP,Credit,2024-02-02 21:00:00,Failed,0
791,8216566199,3367.13,3274.26,EUR,Debit,2024-02-02 22:00:00,Success,0
792,8068481833,2374.67,3939.36,GBP,Debit,2024-02-02 23:00:00,Success,0
793,2074096006,3125.55,1188.91,GBP,Credit,2024-02-03 00:00:00,Success,0
794,7747357417,3323.4,1727.32,USD,Credit,2024-02-03 01:00:00,Success,0
795,3840896743,3949.75,3497.62,USD,Debit,2024-02-03 02:00:00,Success,0
796,4787745770,3150.38,1392.79,INR,Credit,2024-02-03 03:00:00,Success,0
797,6539995358,6157.74,3173.44,INR,Debit,2024-02-03 04:00:00,Failed,1
798,3468914871,1185.28,979.96,GBP,Credit,2024-02-03 05:00:00,Success,0
799,6904073435,4131.71,360.62,INR,Credit,2024-02-03 06:00:00,Success,1
800,7142040945,2938.13,4177.73,GBP,Debit,2024-02-03 07:00:00,Success,0
801,9523113283,3003.22,4643.27,EUR,Debit,2024-02-03 08:00:00,Success,0
802,2412074791,1781.14,1990.69,GBP,Credit,2024-02-03 09:00:00,Success,0
803,9037020622,4529.01,567.26,INR,Debit,2024-02-03 10:00:00,Success,1
804,5361313500,3979.26,-533.4,INR,Credit,2024-02-03 11:00:00,Success,1
805,7166432111,4250.46,5947.2,GBP,Debit,2024-02-03 12:00:00,Success,0
806,8501894681,3253.87,3178.23,USD,Credit,2024-02-03 13:00:00,Failed,0
807,9992896473,2512.66,2027.21,GBP,Credit,2024-02-03 14:00:00,Success,0
808,3201531095,2900.16,2417.74,GBP,Credit,2024-02-03 15:00:00,Success,0
809,8438338978,3650.2,-61.33,USD,Debit,2024-02-03 16:00:00,Success,1
810,2182130074,-8.36,3991.84,EUR,Credit,2024-02-03 17:00:00,Success,1
811,9912924834,4309.4,6200.17,USD,Credit,2024-02-03 18:00:00,Failed,0
812,7369487394,6639.29,1747.59,INR,Credit,2024-02-03 19:00:00,Success,1
813,5220578661,3720.5,6813.53,USD,Credit,2024-02-03 20:00:00,Success,1
814,2714161611,2578.61,2813.75,INR,Debit,2024-02-03 21:00:00,Success,0
815,6688916576,2758.15,5666.81,INR,Debit,2024-02-03 22:00:00,Success,1
816,3055764094,4061.31,3491.55,GBP,Credit,2024-02-03 23:00:00,Success,0
817,4483593206,2612.57,3489.81,GBP,Credit,2024-02-04 00:00:00,Success,0
818,9966068827,4303.01,5950.28,EUR,Debit,2024-02-04 01:00:00,Failed,0
819,8440779402,2738.79,4252.33,INR,Credit,2024-02-04 02:00:00,Success,0
820,3919400070,5571.28,3599.76,GBP,Debit,2024-02-04 03:00:00,Success,0
821,3615759408,5529.89,-106.14,INR,Credit,2024-02-04 04:00:00,Success,1
822,2918861849,2504.75,588.47,EUR,Debit,2024-02-04 05:00:00,Success,0
823,2873655622,2878.46,3733.69,INR,Credit,2024-02-04 06:00:00,Success,0
824,1454409073,2966.45,5348.45,EUR,Debit,2024-02-04 07:00:00,Success,1
825,9998129319,2986.55,3205.52,EUR,Debit,2024-02-04 08:00:00,Success,0
826,1407822803,1578.86,2053.91,EUR,Debit,2024-02-04 09:00:00,Success,0
827,8422490979,1369.11,57.33,GBP,Credit,2024-02-04 10:00:00,Success,0
828,2392149974,4874.64,1746.26,USD,Debit,2024-02-04 11:00:00,Success,1
829,5197999611,4634.68,3209.57,USD,Debit,2024-02-04 12:00:00,Failed,0
830,7206685856,4608.78,1629.67,GBP,Credit,2024-02-04 13:00:00,Success,1
831,5287332796,2895.93,1456.89,INR,Credit,2024-02-04 14:00:00,Success,0
832,9112516814,5838.02,2918.21,GBP,Credit,2024-02-04 15:00:00,Success,1
833,8077342901,2966.3,5317.46,INR,Credit,2024-02-04 16:00:00,Success,1
834,1899944360,4294.31,4095.55,EUR,Debit,2024-02-04 17:00:00,Success,0
835,1623223696,917.07,3457.39,GBP,Credit,2024-02-04 18:00:00,Success,1
836,4884287415,2655.4,3301.58,USD,Credit,2024-02-04 19:00:00,Failed,0
837,9555114667,2766.27,3881.88,INR,Credit,2024-02-04 20:00:00,Success,0
838,8686968265,2901.77,2823.79,GBP,Credit,2024-02-04 21:00:00,Failed,0
839,2484900097,1011.75,2342.27,GBP,Credit,2024-02-04 22:00:00,Success,0
840,9929153689,4055.82,4181.11,INR,Credit,2024-02-04 23:00:00,Success,0
841,9074235998,4542.92,2639.37,EUR,Credit,2024-02-05 00:00:00,Success,0
842,6343214250,1884.21,1098.24,EUR,Debit,2024-02-05 01:00:00,Success,0
843,8573348541,1278.99,5309.28,EUR,Debit,2024-02-05 02:00:00,Success,1
844,2122039319,1846.59,8.12,EUR,Debit,2024-02-05 03:00:00,Success,0
845,1551970603,3743.25,5429.32,INR,Debit,2024-02-05 04:00:00,Success,0
846,1112349238,2105.09,3810.33,USD,Debit,2024-02-05 05:00:00,Success,0
847,3956358141,2798.9,1449.36,GBP,Credit,2024-02-05 06:00:00,Success,0
848,7889688604,1389.81,3038.81,GBP,Credit,2024-02-05 07:00:00,Success,0
849,9314264786,5968.93,2313.82,EUR,Credit,2024-02-05 08:00:00,Success,1
850,6300012324,3109.8,4292.36,INR,Credit,2024-02-05 09:00:00,Success,0
851,9952378077,4724.57,4260.69,USD,Debit,2024-02-05 10:00:00,Success,0
852,5376260866,3739.75,3738.18,USD,Debit,2024-02-05 11:00:00,Success,0
853,9744092793,2937.18,4194.21,GBP,Credit,2024-02-05 12:00:00,Success,0
854,2511899696,2859.51,2816.27,EUR,Credit,2024-02-05 13:00:00,Success,0
855,2764411208,1912.13,5818.68,GBP,Debit,2024-02-05 14:00:00,Failed,1
856,1078905640,2324.31,4957.77,GBP,Debit,2024-02-05 15:00:00,Failed,1
857,6456849484,1488.3,2236.79,USD,Debit,2024-02-05 16:00:00,Failed,0
858,4237463010,1324.7,4297.38,INR,Credit,2024-02-05 17:00:00,Success,1
859,6682546956,6129.56,4157.73,USD,Credit,2024-02-05 18:00:00,Success,0
860,8128630535,3418.37,2584.38,GBP,Debit,2024-02-05 19:00:00,Success,0
861,1588334174,5198.58,2458.79,EUR,Debit,2024-02-05 20:00:00,Success,1
862,3950069149,1808.91,4943.21,EUR,Credit,2024-02-05 21:00:00,Failed,1
863,9217559700,1122.59,2976.49,INR,Credit,2024-02-05 22:00:00,Success,0
864,7699527857,1533.33,3416.28,INR,Credit,2024-02-05 23:00:00,Success,0
865,5127971521,2366.89,5241.77,INR,Credit,2024-02-06 00:00:00,Success,1
866,7989614978,3054.75,7053.34,GBP,Debit,2024-02-06 01:00:00,Success,1
867,4029268977,2773.6,2157.4,GBP,Debit,2024-02-06 02:00:00,Success,0
868,6598473681,1840.21,2646.56,INR,Debit,2024-02-06 03:00:00,Success,0
869,6778208394,3131.57,3118.41,EUR,Credit,2024-02-06 04:00:00,Failed,0
870,5256555280,3263.08,3154.78,EUR,Credit,2024-02-06 05:00:00,Failed,0
871,5732850167,4053.41,3602.17,EUR,Credit,2024-02-06 06:00:00,Success,0
872,2737937174,5205.65,2215.71,GBP,Debit,2024-02-06 07:00:00,Success,1
873,1396622337,2454.16,974.09,USD,Debit,2024-02-06 08:00:00,Success,0
874,9832529025,4823.22,5806.12,EUR,Debit,2024-02-06 09:00:00,Success,0
875,3889890381,3098.91,3979.33,EUR,Credit,2024-02-06 10:00:00,Failed,0
876,2712925411,709.02,2330.34,EUR,Credit,2024-02-06 11:00:00,Success,0
877,7019575935,5674.91,3699.38,INR,Debit,2024-02-06 12:00:00,Success,0
878,8744957317,6408.8,5932.72,GBP,Credit,2024-02-06 13:00:00,Success,0
879,8399985643,3928.64,1739.17,INR,Debit,2024-02-06 14:00:00,Success,1
880,1885609705,3134.68,3337.82,INR,Debit,2024-02-06 15:00:00,Success,0
881,6368081174,2592.89,776.22,USD,Debit,2024-02-06 16:00:00,Success,0
882,2951729000,2304.08,2810.65,INR,Debit,2024-02-06 17:00:00,Success,0
883,6212231841,4816.05,3986.55,USD,Credit,2024-02-06 18:00:00,Success,0
884,1045837139,2974.09,1216.44,INR,Credit,2024-02-06 19:00:00,Success,0
885,4335288956,5510.91,2700.48,EUR,Credit,2024-02-06 20:00:00,Success,1
886,5550432650,3052.29,4279.88,GBP,Credit,2024-02-06 21:00:00,Success,0
887,6919353074,2381.48,3942.72,INR,Credit,2024-02-06 22:00:00,Success,0
888,8704723192,2098.05,1147.79,USD,Credit,2024-02-06 23:00:00,Success,0
889,4755581912,1884.43,3598.04,GBP,Debit,2024-02-07 00:00:00,Success,0
890,8633034114,3771.22,3893.95,USD,Credit,2024-02-07 01:00:00,Success,0
891,6450537815,1058.26,3172.78,EUR,Credit,2024-02-07 02:00:00,Failed,1
892,7586239898,1772.49,4742.94,INR,Credit,2024-02-07 03:00:00,Success,1
893,2962537408,4986.72,2056.88,GBP,Debit,2024-02-07 04:00:00,Success,1
894,9108294169,1568.18,3659.98,EUR,Credit,2024-02-07 05:00:00,Success,1
895,8755821284,4294.06,1135.68,INR,Debit,2024-02-07 06:00:00,Success,1
896,1484459090,-94.52,439.0,INR,Credit,2024-02-07 07:00:00,Success,1
897,4031742008,5175.13,4249.73,USD,Credit,2024-02-07 08:00:00,Failed,1
898,4323448923,1094.65,3032.9,USD,Credit,2024-02-07 09:00:00,Success,0
899,2539155378,1685.41,2258.53,EUR,Debit,2024-02-07 10:00:00,Success,0
900,6081797767,4020.51,1295.75,USD,Debit,2024-02-07 11:00:00,Success,1
901,2407766613,3405.61,4323.36,EUR,Credit,2024-02-07 12:00:00,Success,0
902,6998899374,4342.48,587.18,EUR,Credit,2024-02-07 13:00:00,Success,1
903,1657708983,1082.61,4588.6,EUR,Credit,2024-02-07 14:00:00,Success,1
904,1042291777,2569.79,3721.6,USD,Debit,2024-02-07 15:00:00,Success,0
905,4523062287,2074.38,667.53,GBP,Debit,2024-02-07 16:00:00,Success,0
906,1899030355,1334.72,3201.54,EUR,Credit,2024-02-07 17:00:00,Success,0
907,6329530710,3893.85,7245.96,GBP,Debit,2024-02-07 18:00:00,Success,1
908,5852878410,4414.58,4903.07,INR,Debit,2024-02-07 19:00:00,Success,0
909,8367742368,2494.7,1675.16,USD,Debit,2024-02-07 20:00:00,Success,0
910,5592068161,5284.07,4146.73,USD,Debit,2024-02-07 21:00:00,Success,0
911,2422528830,1821.45,734.54,GBP,Credit,2024-02-07 22:00:00,Success,0
912,7679360185,5247.7,805.9,INR,Credit,2024-02-07 23:00:00,Success,1
913,8432081275,3843.36,2892.31,INR,Debit,2024-02-08 00:00:00,Success,0
914,5086415032,1164.65,3882.64,EUR,Debit,2024-02-08 01:00:00,Success,1
915,4340111803,5972.29,4298.13,USD,Debit,2024-02-08 02:00:00,Success,0
916,4173127793,2333.28,4320.29,INR,Credit,2024-02-08 03:00:00,Success,0
917,2785737078,4807.68,3791.6,INR,Credit,2024-02-08 04:00:00,Success,0
918,6281531215,3218.47,417.61,EUR,Debit,2024-02-08 05:00:00,Success,1
919,6895294028,3561.66,2902.51,EUR,Debit,2024-02-08 06:00:00,Success,0
920,7704473308,4351.81,4549.89,GBP,Debit,2024-02-08 07:00:00,Success,0
921,5872597913,4268.78,3709.27,USD,Debit,2024-02-08 08:00:00,Success,0
922,4923215106,2486.78,3291.37,INR,Credit,2024-02-08 09:00:00,Success,0
923,4213639355,3797.5,3526.76,GBP,Credit,2024-02-08 10:00:00,Success,0
924,5782283710,3684.9,3500.03,USD,Credit,2024-02-08 11:00:00,Success,0
925,2063281459,3320.34,-143.84,GBP,Credit,2024-02-08 12:00:00,Success,1
926,8571997003,2695.03,4847.83,USD,Credit,2024-02-08 13:00:00,Success,1
927,6953494360,3317.35,2823.15,USD,Credit,2024-02-08 14:00:00,Success,0
928,6143109859,5951.31,4132.14,INR,Debit,2024-02-08 15:00:00,Success,0
929,7986445657,2557.46,-689.03,USD,Debit,2024-02-08 16:00:00,Success,1
930,3941078321,4809.88,5657.59,EUR,Credit,2024-02-08 17:00:00,Success,0
931,5833735673,2070.55,1149.74,INR,Credit,2024-02-08 18:00:00,Success,0
932,9667502633,1678.03,7066.15,EUR,Credit,2024-02-08 19:00:00,Success,1
933,3073302637,7914.6,6390.78,GBP,Debit,2024-02-08 20:00:00,Failed,1
934,6716671299,3810.04,880.13,GBP,Debit,2024-02-08 21:00:00,Success,1
935,4409746031,3851.27,4307.26,USD,Debit,2024-02-08 22:00:00,Success,0
936,9544152982,3892.84,1372.46,USD,Debit,2024-02-08 23:00:00,Success,1
937,3916962900,5110.95,1976.95,EUR,Credit,2024-02-09 00:00:00,Success,1
938,1123851075,3611.72,2013.07,EUR,Debit,2024-02-09 01:00:00,Success,0
939,2452300222,4224.33,3716.69,EUR,Credit,2024-02-09 02:00:00,Success,0
940,2126591098,1412.15,3519.42,GBP,Debit,2024-02-09 03:00:00,Success,1
941,8897963384,4475.89,1077.45,EUR,Debit,2024-02-09 04:00:00,Success,1
942,1138827363,2644.86,3703.92,INR,Debit,2024-02-09 05:00:00,Success,0
943,3435799243,4007.61,2673.43,INR,Debit,2024-02-09 06:00:00,Success,0
944,7705093093,427.32,87.12,GBP,Credit,2024-02-09 07:00:00,Success,0
945,3041385405,3945.27,2305.55,EUR,Credit,2024-02-09 08:00:00,Success,0
946,4395613875,-362.84,5656.68,EUR,Credit,2024-02-09 09:00:00,Failed,1
947,2333918138,2586.13,2359.55,USD,Credit,2024-02-09 10:00:00,Success,0
948,3967613532,441.67,63.14,INR,Credit,2024-02-09 11:00:00,Success,0
949,7030771610,3949.56,4303.15,GBP,Credit,2024-02-09 12:00:00,Success,0
950,9054658255,3103.9,1515.98,EUR,Credit,2024-02-09 13:00:00,Success,0
951,7079497852,1843.82,3343.09,USD,Debit,2024-02-09 14:00:00,Success,0
952,7024877628,5151.61,2724.82,GBP,Credit,2024-02-09 15:00:00,Success,1
953,9745443593,1655.0,5818.67,GBP,Debit,2024-02-09 16:00:00,Failed,1
954,7662101309,-1546.79,2725.95,INR,Credit,2024-02-09 17:00:00,Success,1
955,4043761028,3770.45,1168.66,EUR,Debit,2024-02-09 18:00:00,Success,1
956,5786475461,350.1,2249.84,GBP,Credit,2024-02-09 19:00:00,Success,0
957,2037674682,1702.49,1033.96,USD,Debit,2024-02-09 20:00:00,Success,0
958,1845072515,2223.98,2665.18,USD,Credit,2024-02-09 21:00:00,Success,0
959,9031286305,864.01,5831.67,GBP,Credit,2024-02-09 22:00:00,Success,1
960,3061971474,2259.41,4997.55,USD,Credit,2024-02-09 23:00:00,Success,1
961,7405545432,892.08,6265.9,GBP,Credit,2024-02-10 00:00:00,Success,1
962,5027569744,3243.57,3766.8,USD,Debit,2024-02-10 01:00:00,Success,0
963,9981857501,1156.88,3228.96,GBP,Credit,2024-02-10 02:00:00,Success,1
964,9673697845,3045.22,1402.73,GBP,Credit,2024-02-10 03:00:00,Success,0
965,6149200665,4743.01,3431.47,GBP,Debit,2024-02-10 04:00:00,Success,0
966,9514302592,4173.56,2791.42,USD,Credit,2024-02-10 05:00:00,Success,0
967,1242242007,2877.43,4245.8,GBP,Debit,2024-02-10 06:00:00,Success,0
968,4729307310,1516.89,1204.39,INR,Debit,2024-02-10 07:00:00,Success,0
969,1007782634,3238.77,3084.29,GBP,Credit,2024-02-10 08:00:00,Success,0
970,2462183305,1956.42,482.4,EUR,Credit,2024-02-10 09:00:00,Failed,0
971,3248594039,3301.69,3540.18,EUR,Debit,2024-02-10 10:00:00,Failed,0
972,2438033852,427.07,4081.2,INR,Credit,2024-02-10 11:00:00,Success,1
973,6713628027,4210.89,405.58,GBP,Debit,2024-02-10 12:00:00,Failed,1
974,5379688734,3049.82,856.4,EUR,Credit,2024-02-10 13:00:00,Success,1
975,3985846065,6312.78,926.43,GBP,Credit,2024-02-10 14:00:00,Success,1
976,1516474065,4959.09,2715.8,EUR,Debit,2024-02-10 15:00:00,Success,1
977,6285963481,3849.28,764.02,USD,Credit,2024-02-10 16:00:00,Success,1
978,2506405237,2814.01,5205.58,USD,Credit,2024-02-10 17:00:00,Success,1
979,3959232415,1905.59,3697.84,INR,Credit,2024-02-10 18:00:00,Success,0
980,5307174266,4413.61,3958.46,INR,Debit,2024-02-10 19:00:00,Success,0
981,5771366052,2655.8,457.52,GBP,Credit,2024-02-10 20:00:00,Success,1
982,2744826569,4752.55,5069.08,INR,Debit,2024-02-10 21:00:00,Success,0
983,4311584601,3601.23,4039.38,GBP,Credit,2024-02-10 22:00:00,Success,0
984,7164269008,3612.0,1908.25,USD,Debit,2024-02-10 23:00:00,Success,0
985,9052803430,3891.79,533.17,USD,Credit,2024-02-11 00:00:00,Success,1
986,8777447551,1620.56,2878.2,EUR,Credit,2024-02-11 01:00:00,Failed,0
987,4857412508,1466.8,2253.71,GBP,Debit,2024-02-11 02:00:00,Success,0
988,2576245039,1414.94,2320.12,USD,Credit,2024-02-11 03:00:00,Success,0
989,9498254574,4571.25,1871.31,USD,Debit,2024-02-11 04:00:00,Success,1
990,9283829564,1581.42,4154.3,GBP,Credit,2024-02-11 05:00:00,Success,1
991,8749429756,1768.26,-1160.92,EUR,Debit,2024-02-11 06:00:00,Success,1
992,5995539489,3806.28,5287.88,EUR,Credit,2024-02-11 07:00:00,Failed,0
993,1722673113,2621.93,4596.99,EUR,Debit,2024-02-11 08:00:00,Success,0
994,9484495418,2430.31,3337.1,EUR,Credit,2024-02-11 09:00:00,Success,0
995,7113399546,2300.17,2769.46,USD,Debit,2024-02-11 10:00:00,Success,0
996,5314313907,-488.45,4732.88,GBP,Debit,2024-02-11 11:00:00,Success,1
997,3262413894,1549.68,2932.39,GBP,Credit,2024-02-11 12:00:00,Success,0
998,2392646908,4772.34,2554.51,USD,Debit,2024-02-11 13:00:00,Success,1
999,1476891391,2190.9,4821.95,USD,Debit,2024-02-11 14:00:00,Success,1
1000,7196628319,149.27,6349.43,USD,Credit,2024-02-11 15:00:00,Success,1
